changed_feature,status,commit_hash,,comment,,persistdataintohost,sharing between component,sharing host data with container,unkown
image,values_changed,ac6d1792790534eaf9accbe9b157e80cbd4fd9b4,https://github.com/search?q=ac6d1792790534eaf9accbe9b157e80cbd4fd9b4&type=Commits,unknown,,,,,
volumes,dictionary_item_added,192e6f7e6a2e9e628312622891c2735bdbe7f164,https://github.com/search?q=192e6f7e6a2e9e628312622891c2735bdbe7f164&type=Commits,unknown,,,,,1
image,values_changed,ed8dcf98a833099ec8b13ff6beaa1c4a01d8a97d,https://github.com/search?q=ed8dcf98a833099ec8b13ff6beaa1c4a01d8a97d&type=Commits,unknown,,,,,
volumes,iterable_item_added,03ad96757719706aec385423a9818aef98ef9171,https://github.com/search?q=03ad96757719706aec385423a9818aef98ef9171&type=Commits,"new volume mapping added, not cloning repo each time in dockerfile, rather clone once in the host and map it to the container",decreasing the build time of docker image,,,1,
image,values_changed,a8e42af24593e42a7bee66f3f0f744080ffc7a83,https://github.com/search?q=a8e42af24593e42a7bee66f3f0f744080ffc7a83&type=Commits,unknown,,,,,
image,dictionary_item_removed,a79565ba88d8adbbde1a8d621579d9912f953a2b,https://github.com/search?q=a79565ba88d8adbbde1a8d621579d9912f953a2b&type=Commits,unknown,,,,,
volumes,dictionary_item_added,0b1abe54102cdf99a9de1de4f8de395a65d579eb,https://github.com/search?q=0b1abe54102cdf99a9de1de4f8de395a65d579eb&type=Commits,new volume added to service,,1,,,
volumes,iterable_item_removed,b6f1a5a6eb6d4b7d43619282501748488c7e57a6,https://github.com/search?q=b6f1a5a6eb6d4b7d43619282501748488c7e57a6&type=Commits,fixing the file mapping,,,,,
volumes,values_changed,5f046acf87521d84c36b12aef5230245e05e8cfc,https://github.com/search?q=5f046acf87521d84c36b12aef5230245e05e8cfc&type=Commits,subdirectory mapped instead of the parent directory,,,,,
image,values_changed,27fe3826c4fb63590c6c7495514c52faa0207a73,https://github.com/search?q=27fe3826c4fb63590c6c7495514c52faa0207a73&type=Commits,unknown,,,,,
image,values_changed,086618a89f906cde42e040e186680da8c904db54,https://github.com/search?q=086618a89f906cde42e040e186680da8c904db54&type=Commits,unknown,,,,,
volumes,dictionary_item_added,94e6c24e7eaa8927d0b11fd6e3074657691c6345,https://github.com/search?q=94e6c24e7eaa8927d0b11fd6e3074657691c6345&type=Commits,new volume added to service,,,,1,
volumes,values_changed,6d170fdbd864cd085110859496ef4b5b4cbbce55,https://github.com/search?q=6d170fdbd864cd085110859496ef4b5b4cbbce55&type=Commits,new volue added,,,,,
volumes,iterable_item_added,9f7b855ae42c3acffe4f9e59956b612ae1ac1263,https://github.com/search?q=9f7b855ae42c3acffe4f9e59956b612ae1ac1263&type=Commits,new volue added,,1,,,
image,values_changed,de9c9b6eb1c8f526accbe4098a5081edd77a27d6,https://github.com/search?q=de9c9b6eb1c8f526accbe4098a5081edd77a27d6&type=Commits,unknown,,,,,
volumes,dictionary_item_removed,ad3284fa5d553388f9ed2f59e5ca7fe46cefac72,https://github.com/search?q=ad3284fa5d553388f9ed2f59e5ca7fe46cefac72&type=Commits,root volume removed,,,,,
volumes,values_changed,4817b1cea38904fda9685881815a775bb50e9586,https://github.com/search?q=4817b1cea38904fda9685881815a775bb50e9586&type=Commits,volume name changed,,,,,
volumes,values_changed,b18e6aeb7696e07a09f99eceb8fc86682bb77f9f,https://github.com/search?q=b18e6aeb7696e07a09f99eceb8fc86682bb77f9f&type=Commits,refactored,,,,,
volumes,iterable_item_removed,a4c3a662a3e3f8a26c7f85e4a41940be04db18a5,https://github.com/search?q=a4c3a662a3e3f8a26c7f85e4a41940be04db18a5&type=Commits,removed duplicate volume mapping and moved into Dockerfile,,,,,
volumes,dictionary_item_added,e8e897d26e0e2ca947ca6e5bc14610d2dca2688d,https://github.com/search?q=e8e897d26e0e2ca947ca6e5bc14610d2dca2688d&type=Commits,added volume to share data among services,,,1,,
image,values_changed,7e8a6297373be63a003847138cc3c34c6dcb5313,https://github.com/search?q=7e8a6297373be63a003847138cc3c34c6dcb5313&type=Commits,unknown,,,,,
volumes,values_changed,36c9299e843a7fb92878445ec889e6800fa5deeb,https://github.com/search?q=36c9299e843a7fb92878445ec889e6800fa5deeb&type=Commits,volume mapping for keeping the consistency between container and host,,,,,
volumes,values_changed,2854884d331808d6cf46b709cdb98464ae380156,https://github.com/search?q=2854884d331808d6cf46b709cdb98464ae380156&type=Commits,refactored file strcuture,,,,,
image,values_changed,8a9599fd3c5dad0b6af9239bf1798c0de51b78fd,https://github.com/search?q=8a9599fd3c5dad0b6af9239bf1798c0de51b78fd&type=Commits,used a different image (database vendor changed),,,,,
volumes,iterable_item_added,43608664cbdf8f853abdbc852377eb101318f59e,https://github.com/search?q=43608664cbdf8f853abdbc852377eb101318f59e&type=Commits,"new volume mapping added, not cloning repo each time in dockerfile, rather clone once in the host and map it to the container",,,,1,
volumes,values_changed,091ccd1dacbe32656ffdd3353a31af9088354152,https://github.com/search?q=091ccd1dacbe32656ffdd3353a31af9088354152&type=Commits,the path changed from absolute to relative,,,,,
volumes,dictionary_item_added,935e5eaba69d57c5f658920e2228c5d7d7dd3f17,https://github.com/search?q=935e5eaba69d57c5f658920e2228c5d7d7dd3f17&type=Commits,for persistant data,,1,,,
volumes,iterable_item_added,c7be054ab52f4cc6c5db74628b9b9d44ae0d8e83,https://github.com/search?q=c7be054ab52f4cc6c5db74628b9b9d44ae0d8e83&type=Commits,additional volume mapping added,,,,1,
volumes,values_changed,f1d4f22d7bc2a2d60aa3f46f29d54dad5a9687da,https://github.com/search?q=f1d4f22d7bc2a2d60aa3f46f29d54dad5a9687da&type=Commits,host path changed,,,,,
image,values_changed,ba8a139ac17593c0897aa575d3d67a245d3835c9,https://github.com/search?q=ba8a139ac17593c0897aa575d3d67a245d3835c9&type=Commits,unknown,,,,,
image,values_changed,bd64254ba63e42e5f4d678bc2244b73385a8f615,https://github.com/search?q=bd64254ba63e42e5f4d678bc2244b73385a8f615&type=Commits,unknown,,,,,
volumes,dictionary_item_added,836dbacbb268d5754d8357273affcf8b9cb7aabe,https://github.com/search?q=836dbacbb268d5754d8357273affcf8b9cb7aabe&type=Commits,new volume added to service,,,1,,
image,dictionary_item_added,7064d8f94d37e6e360a1da9c92dd666c45eb267c,https://github.com/search?q=7064d8f94d37e6e360a1da9c92dd666c45eb267c&type=Commits,unknown,,,,,
volumes,iterable_item_added,bf9811ef6e4168b8f252e92b238724a878083906,https://github.com/search?q=bf9811ef6e4168b8f252e92b238724a878083906&type=Commits,sharing host data inside container,,,,1,
volumes,type_changes,161b33e142821f6d38d1aa137ad108b899bb6c5e,https://github.com/search?q=161b33e142821f6d38d1aa137ad108b899bb6c5e&type=Commits,fixed syntax,,,,,
volumes,dictionary_item_added,3902450de95993c0365cb2584730439bd0f3d288,https://github.com/search?q=3902450de95993c0365cb2584730439bd0f3d288&type=Commits,new volume added to service,,,,1,
volumes,dictionary_item_removed,993532aced77342fe3ec31d5440904c8ea1de2b2,https://github.com/search?q=993532aced77342fe3ec31d5440904c8ea1de2b2&type=Commits,removed volumes from service as it hides the actual folder in Docker container,,,,,
image,values_changed,e1f41170b85ddf2bf53eee3fa5ad40637238fd2a,https://github.com/search?q=e1f41170b85ddf2bf53eee3fa5ad40637238fd2a&type=Commits,update docker image to match release number,,,,,
volumes,iterable_item_added,c232af28ca617be9dbc4d9732bb93f289f661757,https://github.com/search?q=c232af28ca617be9dbc4d9732bb93f289f661757&type=Commits,new file resource added,,,,1,
volumes,values_changed,871a5a517853760b4789fc728a91d6da281b9604,https://github.com/search?q=871a5a517853760b4789fc728a91d6da281b9604&type=Commits,refactored,,,,,
volumes,dictionary_item_removed,e95fe0adbad0f6c9b8d3b14e106ef6ae444b5c5d,https://github.com/search?q=e95fe0adbad0f6c9b8d3b14e106ef6ae444b5c5d&type=Commits,entire service removed,,,,,
image,values_changed,00fe72d8dafec72d86471f510f852c0d11d40e93,https://github.com/search?q=00fe72d8dafec72d86471f510f852c0d11d40e93&type=Commits,version pinned from latest,,,,,
image,values_changed,773ebf523a6a44523a69147e4c791a1e1fc16989,https://github.com/search?q=773ebf523a6a44523a69147e4c791a1e1fc16989&type=Commits,version pinned ,,,,,
volumes,values_changed,bc414a59cfcdcae9fa3752eb0980b3a1ebff2ea9,https://github.com/search?q=bc414a59cfcdcae9fa3752eb0980b3a1ebff2ea9&type=Commits,new resource added,,,,,
image,dictionary_item_added,e9e5385aaa69239b010929bcaebf81c96fdf790c,https://github.com/search?q=e9e5385aaa69239b010929bcaebf81c96fdf790c&type=Commits,unknown,,,,,
volumes,values_changed,8ad50adda6b1f4d21532411a8791c431f28ad3ca,https://github.com/search?q=8ad50adda6b1f4d21532411a8791c431f28ad3ca&type=Commits,path fixed,,,,,
image,values_changed,baafb7c71cae2acd49c6b1cf0cae81cea21f353e,https://github.com/search?q=baafb7c71cae2acd49c6b1cf0cae81cea21f353e&type=Commits,version pinned,,,,,
image,values_changed,ce01cd4fb0c9b596f8ef58905506f9aef45adda1,https://github.com/search?q=ce01cd4fb0c9b596f8ef58905506f9aef45adda1&type=Commits,different image used,,,,,
image,values_changed,64c1ad73e453bd93fa3042eb72787d013ba1c779,https://github.com/search?q=64c1ad73e453bd93fa3042eb72787d013ba1c779&type=Commits,image version upgraded,,,,,
volumes,iterable_item_added,622e226b24449a4ec13464d39269ab6c04d67a51,https://github.com/search?q=622e226b24449a4ec13464d39269ab6c04d67a51&type=Commits,host path changed,,,,1,
image,dictionary_item_added,0e557ab2fc59e6dadcdcf8a1550efb13213f06ad,https://github.com/search?q=0e557ab2fc59e6dadcdcf8a1550efb13213f06ad&type=Commits,added name for manually built image,,,,,
volumes,iterable_item_added,b663bb20b497bb4cbd572b6c9abe64f79b646c45,https://github.com/search?q=b663bb20b497bb4cbd572b6c9abe64f79b646c45&type=Commits,added new volume (lets encrypt),,,1,,
image,values_changed,38609635c304aa5cfdeb663c435a65e4ae0c9f56,https://github.com/search?q=38609635c304aa5cfdeb663c435a65e4ae0c9f56&type=Commits,image digest sha changed,,,,,
volumes,dictionary_item_removed,f16ab0eefba124e8177eb825e02578532e25e205,https://github.com/search?q=f16ab0eefba124e8177eb825e02578532e25e205&type=Commits,replaced with tmpfs to store data temporarily,,,,,
image,dictionary_item_added,7064d8f94d37e6e360a1da9c92dd666c45eb267c,https://github.com/search?q=7064d8f94d37e6e360a1da9c92dd666c45eb267c&type=Commits,official image added instead of custom image,,,,,
image,values_changed,ee8b6df2003ba08a1c825bdf249146039648f4c9,https://github.com/search?q=ee8b6df2003ba08a1c825bdf249146039648f4c9&type=Commits,official image used instaead of community image,,,,,
image,dictionary_item_removed,2cc7effb2baf69bffc1b582875c6980300dd7026,https://github.com/search?q=2cc7effb2baf69bffc1b582875c6980300dd7026&type=Commits,unknown,,,,,
image,values_changed,30667682b1fd8eda2d8c60b8420b51620286e057,https://github.com/search?q=30667682b1fd8eda2d8c60b8420b51620286e057&type=Commits,image version upgraded,,,,,
volumes,values_changed,c6253c2a74d5e3f072f98e908971b3e9264c977e,https://github.com/search?q=c6253c2a74d5e3f072f98e908971b3e9264c977e&type=Commits,volume mapping changed,,,,,
volumes,values_changed,b85dd093e7833bda47ae95b321e8f54223606699,https://github.com/search?q=b85dd093e7833bda47ae95b321e8f54223606699&type=Commits,refactored,,,,,
volumes,iterable_item_added,b1c6dc0e7b25d1009fe8844b7291f3b49c61fdef,https://github.com/search?q=b1c6dc0e7b25d1009fe8844b7291f3b49c61fdef&type=Commits,new volume mapping added,,,,1,
volumes,values_changed,f8483dbe91d89841ae1ccf5bcbd59c532dd42ab4,https://github.com/search?q=f8483dbe91d89841ae1ccf5bcbd59c532dd42ab4&type=Commits,new volume mapping added to copy docker inside the container,,,,,
image,values_changed,5037543a1902e6d264c82e2aebbfafa6d21fee2c,https://github.com/search?q=5037543a1902e6d264c82e2aebbfafa6d21fee2c&type=Commits,different image used,,,,,
volumes,values_changed,a86ecc384b67d66bec1d95dd3f57c2740d8719a3,https://github.com/search?q=a86ecc384b67d66bec1d95dd3f57c2740d8719a3&type=Commits,added delegated mount option to increase speed as they don't need live syncronization,,,,,
image,values_changed,1da4aeab80a20fad7e662907345aee3298fa8d1f,https://github.com/search?q=1da4aeab80a20fad7e662907345aee3298fa8d1f&type=Commits,used a different image,,,,,
volumes,dictionary_item_removed,4d7162a1f3be5908ec77f8473f9aceb4c659b56d,https://github.com/search?q=4d7162a1f3be5908ec77f8473f9aceb4c659b56d&type=Commits,unknown,,,,,
volumes,iterable_item_added,306e2c068d2218877668c19b8b93819e0a8229ec,https://github.com/search?q=306e2c068d2218877668c19b8b93819e0a8229ec&type=Commits,new volume added,,,,,1
image,values_changed,ba93e89554b44262e12ac5f87a30cd1344b78062,https://github.com/search?q=ba93e89554b44262e12ac5f87a30cd1344b78062&type=Commits,version changed,,,,,
image,values_changed,94b77db0eaa07bec7afb0cfd127fcfd65aaf7959,https://github.com/search?q=94b77db0eaa07bec7afb0cfd127fcfd65aaf7959&type=Commits,image tag added,,,,,
volumes,iterable_item_added,f7f34ceb2cce4dcfd6c722e8f36eeb91047f996a,https://github.com/search?q=f7f34ceb2cce4dcfd6c722e8f36eeb91047f996a&type=Commits,added configuration file to the root volume to share between all containers,,,1,,
volumes,iterable_item_removed,a4dc25517e26bb2ba65d4dd9121b2133e0bc21fd,https://github.com/search?q=a4dc25517e26bb2ba65d4dd9121b2133e0bc21fd&type=Commits,refactored,,,,,
volumes,dictionary_item_added,470538e6fa7d0d4cf5ecb659b8019dd39fb99cfe,https://github.com/search?q=470538e6fa7d0d4cf5ecb659b8019dd39fb99cfe&type=Commits,new volume added to service,,,,1,
image,dictionary_item_removed,72e12a26fee226682ca30854cd4c6139b0026ac9,https://github.com/search?q=72e12a26fee226682ca30854cd4c6139b0026ac9&type=Commits,manually built image used over registry image,,,,,
volumes,values_changed,30cdf53599643154c10e64b70e77242d99553504,https://github.com/search?q=30cdf53599643154c10e64b70e77242d99553504&type=Commits,relative directory,,,,,
volumes,values_changed,58877a366232886feab4b3982a0827c1b4121848,https://github.com/search?q=58877a366232886feab4b3982a0827c1b4121848&type=Commits,refactoring,,,,,
volumes,dictionary_item_removed,4e98b321f42cb04588e7eb747261666b6045bdbe,https://github.com/search?q=4e98b321f42cb04588e7eb747261666b6045bdbe&type=Commits,volume removed from the service,,,,,
volumes,iterable_item_removed,74285708c31f9b42a9cf98619ed7b2f627d77789,https://github.com/search?q=74285708c31f9b42a9cf98619ed7b2f627d77789&type=Commits,refactor,,,,,
volumes,iterable_item_added,99e8b056f6dbd00e7a11c8f9031afe48834dacc5,https://github.com/search?q=99e8b056f6dbd00e7a11c8f9031afe48834dacc5&type=Commits,new volume mapping added,,,,,1
volumes,iterable_item_added,7b88a0030c5c948b56f24e41db2d2312063e9311,https://github.com/search?q=7b88a0030c5c948b56f24e41db2d2312063e9311&type=Commits,new volume mapping added,,,,1,
image,values_changed,525d3d1190b7e0f1f8ed289a9ced1e66cfeca249,https://github.com/search?q=525d3d1190b7e0f1f8ed289a9ced1e66cfeca249&type=Commits,image version updated,,,,,
volumes,iterable_item_added,9a561fe4ba1fa6727f7a9cb4714506b699e227f8,https://github.com/search?q=9a561fe4ba1fa6727f7a9cb4714506b699e227f8&type=Commits,new volume mapping added,,,,1,
image,values_changed,92ba8e3524475f68eb7d38a05af81f0ead06fb48,https://github.com/search?q=92ba8e3524475f68eb7d38a05af81f0ead06fb48&type=Commits,image tag added,,,,,
image,values_changed,bc44f3c4a1ca4c5dcab140a34ddd20106b35192d,https://github.com/search?q=bc44f3c4a1ca4c5dcab140a34ddd20106b35192d&type=Commits,image digest sha changed,,,,,
volumes,dictionary_item_added,811698264868c6a90e82864c9d75824e3e372475,https://github.com/search?q=811698264868c6a90e82864c9d75824e3e372475&type=Commits,new volume added to service,,,,1,
image,values_changed,24beb9815bc10a47744231fc8990388ac3ea72d8,https://github.com/search?q=24beb9815bc10a47744231fc8990388ac3ea72d8&type=Commits,image version upgraded,,,,,
volumes,dictionary_item_added,06a5f39758955c6334a7a6a163813fa50bd2d684,https://github.com/search?q=06a5f39758955c6334a7a6a163813fa50bd2d684&type=Commits,new volume added to service,,,,,1
volumes,dictionary_item_added,6a2147de4ce7cd146a9cfbef86966e4d0cb10e94,https://github.com/search?q=6a2147de4ce7cd146a9cfbef86966e4d0cb10e94&type=Commits,new volume added to service,,,,,1
volumes,dictionary_item_removed,3d91e25e88a3535a2f4077dc3cde36bcb36f6cee,https://github.com/search?q=3d91e25e88a3535a2f4077dc3cde36bcb36f6cee&type=Commits,removed volume from service,,,,,
volumes,values_changed,1545b33d58f7235b0c4d1659c1d1574f70d5373b,https://github.com/search?q=1545b33d58f7235b0c4d1659c1d1574f70d5373b&type=Commits,removed volume,,,,,
image,values_changed,75076b6e433d54ea8bd221d5b58f3a3bc42909b1,https://github.com/search?q=75076b6e433d54ea8bd221d5b58f3a3bc42909b1&type=Commits,image tag changed,,,,,
image,values_changed,3e5a855ea79f4e5ca5f1ace1c93a217addbaaff1,https://github.com/search?q=3e5a855ea79f4e5ca5f1ace1c93a217addbaaff1&type=Commits,image tag changed,,,,,
volumes,iterable_item_added,3215d5628d989c3e63bc0f2b2523b397b8b42be9,https://github.com/search?q=3215d5628d989c3e63bc0f2b2523b397b8b42be9&type=Commits,added new volume,,,,,1
image,values_changed,315c49c3241f984e60fcf35178c3e1f16a9cd33f,https://github.com/search?q=315c49c3241f984e60fcf35178c3e1f16a9cd33f&type=Commits,image version upgraded,,,,,
image,values_changed,9cf36e0c0737e09f1a30418718a3fa2cac0b7224,https://github.com/search?q=9cf36e0c0737e09f1a30418718a3fa2cac0b7224&type=Commits,image changed,,,,,
volumes,values_changed,d798e08780d63525c2a09dd50923d863048b2217,https://github.com/search?q=d798e08780d63525c2a09dd50923d863048b2217&type=Commits,unknown,,,,,
volumes,iterable_item_added,22b586798376c3fc6d10e10044885de284142d2f,https://github.com/search?q=22b586798376c3fc6d10e10044885de284142d2f&type=Commits,new volume added,,,,1,
image,dictionary_item_removed,a481e264120cd0bfcb39adc811347f2de8047510,https://github.com/search?q=a481e264120cd0bfcb39adc811347f2de8047510&type=Commits,official image replaced with manually built image,,,,,
image,values_changed,e2e90d92aac13be8cd548443bce4f7458189c701,https://github.com/search?q=e2e90d92aac13be8cd548443bce4f7458189c701&type=Commits,image digest sha changed,,,,,
volumes,dictionary_item_added,fdabd262f4011ec09b81ac561935344368e35f98,https://github.com/search?q=fdabd262f4011ec09b81ac561935344368e35f98&type=Commits,fixed named volume syntax,,,,,1
volumes,iterable_item_added,9a2753ecff102201f820a31c2fd587e084fa0de7,https://github.com/search?q=9a2753ecff102201f820a31c2fd587e084fa0de7&type=Commits,new volumes added,,,,,1
volumes,values_changed,62a96bd97d3e39903cf06cfb594b04b37b75ebad,https://github.com/search?q=62a96bd97d3e39903cf06cfb594b04b37b75ebad&type=Commits,host volume path changed,,,,,
image,values_changed,6de8a22e194b6dbffd0693837c95e89810f0e384,https://github.com/search?q=6de8a22e194b6dbffd0693837c95e89810f0e384&type=Commits,image name changed to appropriate one,,,,,
image,values_changed,26d2d3e79e7233a3d4584abf1ecb6ea783aa1d7e,https://github.com/search?q=26d2d3e79e7233a3d4584abf1ecb6ea783aa1d7e&type=Commits,used a different image,,,,,
image,values_changed,f9e6be3a82d780998aed02242a5ecb7f0760d208,https://github.com/search?q=f9e6be3a82d780998aed02242a5ecb7f0760d208&type=Commits,image version changed,,,,,
volumes,values_changed,1efa43ca8b472254e2c03d23546b1094782e559b,https://github.com/search?q=1efa43ca8b472254e2c03d23546b1094782e559b&type=Commits,removed volume,,,,,
image,values_changed,eb23197f6f24e42cbdbebd8c02200c7b0e03ecf9,https://github.com/search?q=eb23197f6f24e42cbdbebd8c02200c7b0e03ecf9&type=Commits,image version changed,,,,,
image,values_changed,3584db9efb2d2e3d5a9e190a78434fef0a91204b,https://github.com/search?q=3584db9efb2d2e3d5a9e190a78434fef0a91204b&type=Commits,image version upgraded,,,,,
image,values_changed,73617af1791944fd096bfd0cf3c1c96764e7fd1e,https://github.com/search?q=73617af1791944fd096bfd0cf3c1c96764e7fd1e&type=Commits,image version upgraded,,,,,
volumes,iterable_item_added,4ccea9419b1995d07eab850a76551183a30bcd12,https://github.com/search?q=4ccea9419b1995d07eab850a76551183a30bcd12&type=Commits,new volume added,,,,,1
volumes,iterable_item_added,72082c7776955aaeedaa909dbb230682ea267133,https://github.com/search?q=72082c7776955aaeedaa909dbb230682ea267133&type=Commits,new volume added,,,,,1
image,values_changed,11c698e47a29c3565cf4baafb7d4d9ee5330e4b1,https://github.com/search?q=11c698e47a29c3565cf4baafb7d4d9ee5330e4b1&type=Commits,image version upgraded,,,,,
volumes,iterable_item_removed,de0403052718c1fbc7cfa0c9a6b17eaabc818c58,https://github.com/search?q=de0403052718c1fbc7cfa0c9a6b17eaabc818c58&type=Commits,refactored and removed multiple volumes to replace them by one,,,,,
image,values_changed,85777eef53c84fafaadb1d14af78aff30218c595,https://github.com/search?q=85777eef53c84fafaadb1d14af78aff30218c595&type=Commits,image changed,,,,,
volumes,values_changed,974a7517a64bb32b5c31c3b210aafa376f9275f7,https://github.com/search?q=974a7517a64bb32b5c31c3b210aafa376f9275f7&type=Commits,volumes changed,,,,,
image,values_changed,40ae81493a83f163cb965aa31129ed807b5f431e,https://github.com/search?q=40ae81493a83f163cb965aa31129ed807b5f431e&type=Commits,image version updated,,,,,
volumes,values_changed,290b960e59aff686cdc0744d05c8323b999c8604,https://github.com/search?q=290b960e59aff686cdc0744d05c8323b999c8604&type=Commits,volume changed,,,,,
volumes,iterable_item_added,179de48c1923f69857c517f6d5d04f73cbb84130,https://github.com/search?q=179de48c1923f69857c517f6d5d04f73cbb84130&type=Commits,new volume added,,,,,1
volumes,dictionary_item_added,42c7148d7b10701268895ae6ce0ca2429bdbb02f,https://github.com/search?q=42c7148d7b10701268895ae6ce0ca2429bdbb02f&type=Commits,new volume added to service,,,,,1
image,values_changed,33f79397573efe26b34c7a751bd783dd83505a50,https://github.com/search?q=33f79397573efe26b34c7a751bd783dd83505a50&type=Commits,image tag added,,,,,
volumes,values_changed,5a5e60489a8f8d56a176e44128b60226754f7efe,https://github.com/search?q=5a5e60489a8f8d56a176e44128b60226754f7efe&type=Commits,host volume path changed,,,,,
volumes,values_changed,57e3dea189cf8a49a902ef0bec351fa0df1f54da,https://github.com/search?q=57e3dea189cf8a49a902ef0bec351fa0df1f54da&type=Commits,container file path changed,,,,,
image,values_changed,9920058ef0e6417ca5a9ed99e6f3187330060e44,https://github.com/search?q=9920058ef0e6417ca5a9ed99e6f3187330060e44&type=Commits,image version changed,,,,,
image,values_changed,473b2c4b6ae0a6ad7e7bbedfe20b16d78dcefab6,https://github.com/search?q=473b2c4b6ae0a6ad7e7bbedfe20b16d78dcefab6&type=Commits,used specific version of image from latest tag,,,,,
volumes,dictionary_item_added,fb7a81ad74d9c411c3675876f92b20e9ab454ee6,https://github.com/search?q=fb7a81ad74d9c411c3675876f92b20e9ab454ee6&type=Commits,share the host file with container,,,,1,
volumes,values_changed,4422f1f38bb1ed9c0c6c423f6cb0b7d356c3ff64,https://github.com/search?q=4422f1f38bb1ed9c0c6c423f6cb0b7d356c3ff64&type=Commits,z flag removed from volume mapping,,,,,
volumes,iterable_item_added,93de4c2ba011e20f55eed11838f8365daf3253c3,https://github.com/search?q=93de4c2ba011e20f55eed11838f8365daf3253c3&type=Commits,variable substitution is replaced with actual path,,1?,,,
image,values_changed,38592e3ec4b6f4f4ad547fdebde4ac12a676302b,https://github.com/search?q=38592e3ec4b6f4f4ad547fdebde4ac12a676302b&type=Commits,different image used,,,,,
image,values_changed,ffd70d48bdca6dc9725bc9e0eb598284f46817e4,https://github.com/search?q=ffd70d48bdca6dc9725bc9e0eb598284f46817e4&type=Commits,community image is replaced with official image,,,,,
image,values_changed,62e9b6813b85cd45c33aa73bb8e6c2faf3a595bc,https://github.com/search?q=62e9b6813b85cd45c33aa73bb8e6c2faf3a595bc&type=Commits,image version upgraded,,,,,
image,values_changed,2927afccd685a1d64a3ae269b3d437c2d64df4c3,https://github.com/search?q=2927afccd685a1d64a3ae269b3d437c2d64df4c3&type=Commits,fixed image name,,,,,
image,dictionary_item_removed,f7ed8de616faecdd10a8f1b622cd824c2902c9dc,https://github.com/search?q=f7ed8de616faecdd10a8f1b622cd824c2902c9dc&type=Commits,manual build added,,,,,
image,values_changed,fb554b6b2334a2f4d7e8aa530716e6ae707ee5fd,https://github.com/search?q=fb554b6b2334a2f4d7e8aa530716e6ae707ee5fd&type=Commits,image tag removed,,,,,
image,values_changed,c3eabbacf8f6bcf1d2786d90d49dc550c23ed036,https://github.com/search?q=c3eabbacf8f6bcf1d2786d90d49dc550c23ed036&type=Commits,image version upgraded,,,,,
volumes,iterable_item_removed,398b366b5142a5991198aefc5f13f5da8e660cbf,https://github.com/search?q=398b366b5142a5991198aefc5f13f5da8e660cbf&type=Commits,cleanup,,,,,
image,values_changed,e3bacc653e4df06c2330ffcfed7c8f41dd41d57c,https://github.com/search?q=e3bacc653e4df06c2330ffcfed7c8f41dd41d57c&type=Commits,unavailable image tag used,,,,,
volumes,values_changed,0f5fc89c3549f1af1fb57bccb6a60d1df1c3c2f0,https://github.com/search?q=0f5fc89c3549f1af1fb57bccb6a60d1df1c3c2f0&type=Commits,removed host mapping,,,,,
volumes,dictionary_item_added,d6370b11255f9a9a56111d9b61750c3e5cddc687,https://github.com/search?q=d6370b11255f9a9a56111d9b61750c3e5cddc687&type=Commits,refactor,,,,,1
volumes,values_changed,4fd9792d3203e41abeac8cd84d926f94ef243917,https://github.com/search?q=4fd9792d3203e41abeac8cd84d926f94ef243917&type=Commits,removed cache option,,,,,
volumes,iterable_item_added,7620d72c013de41a6cd3cd7aa91ee14023062983,https://github.com/search?q=7620d72c013de41a6cd3cd7aa91ee14023062983&type=Commits,new volume added,,,,1,
image,values_changed,b900d1cb68d20d53f851e9dc2e9e8cc7283ab2cf,https://github.com/search?q=b900d1cb68d20d53f851e9dc2e9e8cc7283ab2cf&type=Commits,image tag added,,,,,
volumes,dictionary_item_added,5c66d9c579e01bd7d07ea351fbbd5bb83b1d4b1b,https://github.com/search?q=5c66d9c579e01bd7d07ea351fbbd5bb83b1d4b1b&type=Commits,added volume to make db data persistant,,,,,1
image,values_changed,9c23536c3f5dfd44490fa9d3f30433877340ee06,https://github.com/search?q=9c23536c3f5dfd44490fa9d3f30433877340ee06&type=Commits,wrong image link corrected,,,,,
volumes,values_changed,466a393e3ffc9a9aa68e34cf59299a1222317168,https://github.com/search?q=466a393e3ffc9a9aa68e34cf59299a1222317168&type=Commits,changed the shared volume mapping,,,,,
volumes,dictionary_item_added,6996a1a742b3069c2f9469ce954637d2fc0c5a19,https://github.com/search?q=6996a1a742b3069c2f9469ce954637d2fc0c5a19&type=Commits,new volume added to service,,,,,1
image,values_changed,d020800e57b7391836bb5bb5b0a3e55526a7da12,https://github.com/search?q=d020800e57b7391836bb5bb5b0a3e55526a7da12&type=Commits,image version pinned,,,,,
image,values_changed,60122d333ad044b1fdb91f6f375eaa07ac1e056b,https://github.com/search?q=60122d333ad044b1fdb91f6f375eaa07ac1e056b&type=Commits,image version upgraded,,,,,
image,dictionary_item_added,ec6e01e83ca0beabb354c274fb187dc151e1c37d,https://github.com/search?q=ec6e01e83ca0beabb354c274fb187dc151e1c37d&type=Commits,dockerhub image used instead of manually built,,,,,
image,values_changed,0d16ee1c257e73bb4c5da1ed23063e2836d568f1,https://github.com/search?q=0d16ee1c257e73bb4c5da1ed23063e2836d568f1&type=Commits,image version upgraded,,,,,
image,values_changed,9c1cdde53b50343a9d57645e978c711ce3faace5,https://github.com/search?q=9c1cdde53b50343a9d57645e978c711ce3faace5&type=Commits,removed image tag,,,,,
volumes,values_changed,c178689d21e959c1c0707b264f518d0c14e81488,https://github.com/search?q=c178689d21e959c1c0707b264f518d0c14e81488&type=Commits,variable substiution used,,,,,
image,values_changed,1519f131cdcf1390053552c0ba6fdb8a56173f25,https://github.com/search?q=1519f131cdcf1390053552c0ba6fdb8a56173f25&type=Commits,image version upgraded,,,,,
image,values_changed,dc131f2a846d4c4837de4c265fa7bf9d3f373762,https://github.com/search?q=dc131f2a846d4c4837de4c265fa7bf9d3f373762&type=Commits,image version upgraded,,,,,
volumes,iterable_item_added,0726c249e090f73d28d6f2f7d1cfe93a1ae70fe9,https://github.com/search?q=0726c249e090f73d28d6f2f7d1cfe93a1ae70fe9&type=Commits,removed string quote,,1,,1,
image,values_changed,b2ac084d011e787c2025d259fa1c9b98fbc25958,https://github.com/search?q=b2ac084d011e787c2025d259fa1c9b98fbc25958&type=Commits,image changed,,,,,
image,values_changed,7bf10c2f0a0820b4fe72495a0323c9d18d326970,https://github.com/search?q=7bf10c2f0a0820b4fe72495a0323c9d18d326970&type=Commits,image version upgraded,,,,,
image,dictionary_item_added,8063b58e64916416663e7dc2fbe6becdc338ad5c,https://github.com/search?q=8063b58e64916416663e7dc2fbe6becdc338ad5c&type=Commits,removed manual build and use image from registry,,,,,
image,dictionary_item_added,1b7ef84a2e164bc8781b2836797487fd012cb719,https://github.com/search?q=1b7ef84a2e164bc8781b2836797487fd012cb719&type=Commits,removed manual build and use image from registry,,,,,
image,values_changed,95ca366ab2f351a39beb55218ea6a532045ab3ae,https://github.com/search?q=95ca366ab2f351a39beb55218ea6a532045ab3ae&type=Commits,image version upgraded,,,,,
image,values_changed,301c94d13ce7f2122babba8699de6d97809d036e,https://github.com/search?q=301c94d13ce7f2122babba8699de6d97809d036e&type=Commits,unknown,,,,,
image,values_changed,f87e38cf759e44fd40d115d15f2b77e738ee43da,https://github.com/search?q=f87e38cf759e44fd40d115d15f2b77e738ee43da&type=Commits,unknown,,,,,
volumes,values_changed,da6de6cb4c0ca1f89e0b96bb5dfe01ff278c54c0,https://github.com/search?q=da6de6cb4c0ca1f89e0b96bb5dfe01ff278c54c0&type=Commits,cleanup,,,,,
volumes,iterable_item_removed,652dec26309c4707f3b1f4fe464fead1cedd1cdf,https://github.com/search?q=652dec26309c4707f3b1f4fe464fead1cedd1cdf&type=Commits,unknown,,,,,
image,dictionary_item_removed,aab49b6d27558ad5dbf4cc508f10efa4de1d0783,https://github.com/search?q=aab49b6d27558ad5dbf4cc508f10efa4de1d0783&type=Commits,unknown,,,,,
volumes,iterable_item_removed,5d49cdc9e75595c71ac87751b4bf763847024680,https://github.com/search?q=5d49cdc9e75595c71ac87751b4bf763847024680&type=Commits,unknown,,,,,
image,dictionary_item_added,9a25904244845021b1d7a3d939bc5215a8affeda,https://github.com/search?q=9a25904244845021b1d7a3d939bc5215a8affeda&type=Commits,unknown,,,,,
volumes,iterable_item_added,fca3b5be1ad2bf699549a63dbf8ca903d58b60ca,https://github.com/search?q=fca3b5be1ad2bf699549a63dbf8ca903d58b60ca&type=Commits,unknown,,,,,1
volumes,values_changed,69393d392b6e9527cf1d405960139c864767711b,https://github.com/search?q=69393d392b6e9527cf1d405960139c864767711b&type=Commits,wrong path corrected,,,,,
image,values_changed,1b49260234dae6a69a58deb56fb76a0904b7953b,https://github.com/search?q=1b49260234dae6a69a58deb56fb76a0904b7953b&type=Commits,unknown,,,,,
image,values_changed,e6f23ac3a078e1a98bd740b423e3856706a71919,https://github.com/search?q=e6f23ac3a078e1a98bd740b423e3856706a71919&type=Commits,image version upgraded,,,,,
image,values_changed,ad6d0c083a775bfc3f2093cba9b1b47b4c9427d5,https://github.com/search?q=ad6d0c083a775bfc3f2093cba9b1b47b4c9427d5&type=Commits,version pinned from latest,,,,,
volumes,dictionary_item_added,6b7317e190071991e0df6c53d55e4a3f370494fc,https://github.com/search?q=6b7317e190071991e0df6c53d55e4a3f370494fc&type=Commits,unknown,,,,1,
image,values_changed,15e4470dd73ab91b6d9680f2557252c29c5062d7,https://github.com/search?q=15e4470dd73ab91b6d9680f2557252c29c5062d7&type=Commits,forgot to update image tag,,,,,
volumes,values_changed,28069b0d7ae9a13f31a90d5e9806b01e1627d484,https://github.com/search?q=28069b0d7ae9a13f31a90d5e9806b01e1627d484&type=Commits,unknown,,,,,
volumes,values_changed,5c2db15d047c9b8a4c3a5ab3dab48b9ed35e8a8a,https://github.com/search?q=5c2db15d047c9b8a4c3a5ab3dab48b9ed35e8a8a&type=Commits,refactoring,,,,,
volumes,values_changed,f36287b6a525f4596155eadd5d06bca46dd51846,https://github.com/search?q=f36287b6a525f4596155eadd5d06bca46dd51846&type=Commits,unknown,,,,,
image,values_changed,b8688b67c181eafe1c3b9a30093d77aa753e9265,https://github.com/search?q=b8688b67c181eafe1c3b9a30093d77aa753e9265&type=Commits,official image is used instead of community image,,,,,
image,values_changed,3e02e08f5554783d5c635f69d88cd7e42b0de9c9,https://github.com/search?q=3e02e08f5554783d5c635f69d88cd7e42b0de9c9&type=Commits,official image is used instead of community image,,,,,
image,values_changed,0187e9007f1918c86da32a6d3f6a3f2f837d3c22,https://github.com/search?q=0187e9007f1918c86da32a6d3f6a3f2f837d3c22&type=Commits,unknown,,,,,
image,values_changed,7f046b10828f67ce60e2f66e5540d20b21960a9c,https://github.com/search?q=7f046b10828f67ce60e2f66e5540d20b21960a9c&type=Commits,image version upgraded,,,,,
image,values_changed,6357dca148ee3d99fc45dd765ffa9384bdc3d317,https://github.com/search?q=6357dca148ee3d99fc45dd765ffa9384bdc3d317&type=Commits,image version upgraded,,,,,
image,values_changed,b45d60dca6a5b8921b7a46c9dfa0e484d77ff003,https://github.com/search?q=b45d60dca6a5b8921b7a46c9dfa0e484d77ff003&type=Commits,image version upgraded,,,,,
image,dictionary_item_added,48c7ea96c1ca7b3cb7abf35661f5be88a9c64afe,https://github.com/search?q=48c7ea96c1ca7b3cb7abf35661f5be88a9c64afe&type=Commits,official image is used instead of community image,,,,,
image,values_changed,516dee7a67583eeea33ef0d84b34422f24585cea,https://github.com/search?q=516dee7a67583eeea33ef0d84b34422f24585cea&type=Commits,image version upgraded,,,,,
image,values_changed,2ee9ad0d937db73402ec5a77fe64c2f0bee9532f,https://github.com/search?q=2ee9ad0d937db73402ec5a77fe64c2f0bee9532f&type=Commits,used variable in image version,,,,,
image,values_changed,53c4fb1a376290830ee61be924e2656e3c594da2,https://github.com/search?q=53c4fb1a376290830ee61be924e2656e3c594da2&type=Commits,unknown,,,,,
image,values_changed,435954acda99a7a2c01f7c8449554494d1cf2b5e,https://github.com/search?q=435954acda99a7a2c01f7c8449554494d1cf2b5e&type=Commits,image version upgraded to fix a bug,,,,,
image,values_changed,2bb750d0e76b36f08c0d26f7b3e4daaf5340dd10,https://github.com/search?q=2bb750d0e76b36f08c0d26f7b3e4daaf5340dd10&type=Commits,image version upgraded,,,,,
volumes,iterable_item_removed,d8d85cb34926f6635d30a2c2a1347ca9100b41f5,https://github.com/search?q=d8d85cb34926f6635d30a2c2a1347ca9100b41f5&type=Commits,unknown,,,,,
volumes,values_changed,0cb197bca7990500e1d4465eac0eca13e951f64e,https://github.com/search?q=0cb197bca7990500e1d4465eac0eca13e951f64e&type=Commits,unknown,,,,,
image,values_changed,7e249ac39fbd054d87c74259a4a6b4edb6c287f2,https://github.com/search?q=7e249ac39fbd054d87c74259a4a6b4edb6c287f2&type=Commits,use a differnet version of image to fix an issue,,,,,
volumes,iterable_item_added,a3d88110ce148230c95472ffa84a021e75efe085,https://github.com/search?q=a3d88110ce148230c95472ffa84a021e75efe085&type=Commits,unknown,,1,,1,
volumes,iterable_item_removed,ce2f1bae83f3786e868fda907923bfd6c451cb8e,https://github.com/search?q=ce2f1bae83f3786e868fda907923bfd6c451cb8e&type=Commits,refactoring,,,,,
image,values_changed,c2a955fc4323f959794e827a8105c5ddd3ca91d8,https://github.com/search?q=c2a955fc4323f959794e827a8105c5ddd3ca91d8&type=Commits,unknown,,,,,
volumes,iterable_item_removed,970bdadf8bebe9da25e86a3d307e843218aa076c,https://github.com/search?q=970bdadf8bebe9da25e86a3d307e843218aa076c&type=Commits,unknown,,,,,
volumes,iterable_item_removed,61224bf544a837e816598e349869292fe0c0cacd,https://github.com/search?q=61224bf544a837e816598e349869292fe0c0cacd&type=Commits,unknown,,,,,
volumes,dictionary_item_added,9bf0d51fea995802425352ac86c3a6127b1ccbd8,https://github.com/search?q=9bf0d51fea995802425352ac86c3a6127b1ccbd8&type=Commits,accesing docker daemon from container,,1,,1,
image,values_changed,e5c32365341f976be073aee4c2f56730dceb7d5e,https://github.com/search?q=e5c32365341f976be073aee4c2f56730dceb7d5e&type=Commits,version pinned from latest,,,,,
image,values_changed,b0314c9cdd014b53001b49546d791ffc239e86e5,https://github.com/search?q=b0314c9cdd014b53001b49546d791ffc239e86e5&type=Commits,moved to the alpine version of image,,,,,
image,dictionary_item_removed,7e64ca64be6e1f065f6210b66c9910c21c27d62e,https://github.com/search?q=7e64ca64be6e1f065f6210b66c9910c21c27d62e&type=Commits,unknown,,,,,
volumes,values_changed,9aa485513a900963c7ec484c238ab698d870c636,https://github.com/search?q=9aa485513a900963c7ec484c238ab698d870c636&type=Commits,unknown,,,,,
volumes,iterable_item_removed,d848b4e59eae78301a1a504aaff494d1e106e75e,https://github.com/search?q=d848b4e59eae78301a1a504aaff494d1e106e75e&type=Commits,unknown,,,,,
volumes,values_changed,b95520745ea5ce438fda4ea585f8cc3ccafa0168,https://github.com/search?q=b95520745ea5ce438fda4ea585f8cc3ccafa0168&type=Commits,unknown,,,,,
image,values_changed,355de3d5864daaca7b05414554c20738b114b76c,https://github.com/search?q=355de3d5864daaca7b05414554c20738b114b76c&type=Commits,image version upgraded,,,,,
image,values_changed,b10b3df619fc1a0c79fce5005c6d7c75a113b907,https://github.com/search?q=b10b3df619fc1a0c79fce5005c6d7c75a113b907&type=Commits,image version upgraded,,,,,
volumes,dictionary_item_added,efe0a7a066f2a7345962780ded331aad71503ea6,https://github.com/search?q=efe0a7a066f2a7345962780ded331aad71503ea6&type=Commits,unknown,,,,,1
image,values_changed,1255eb55a5da6c211e32d61a851e494d2abe3473,https://github.com/search?q=1255eb55a5da6c211e32d61a851e494d2abe3473&type=Commits,unknown,,,,,
volumes,values_changed,58911352f0713bd652bef9d90371e316ba62e6fd,https://github.com/search?q=58911352f0713bd652bef9d90371e316ba62e6fd&type=Commits,unknown,,,,,
image,values_changed,bd288a63be9535f829182a3e9b227ca58249687b,https://github.com/search?q=bd288a63be9535f829182a3e9b227ca58249687b&type=Commits,unknown,,,,,
volumes,iterable_item_added,682d3df94b5a58b1d34be22e8be7d01e26fa3100,https://github.com/search?q=682d3df94b5a58b1d34be22e8be7d01e26fa3100&type=Commits,unknown,,,,,1
volumes,iterable_item_removed,dbca9bf3577e51840f012a2936af9d5e4b57db64,https://github.com/search?q=dbca9bf3577e51840f012a2936af9d5e4b57db64&type=Commits,cleanup,,,,,
image,values_changed,967756ba4b27129732ce9016e4512c04729e24d3,https://github.com/search?q=967756ba4b27129732ce9016e4512c04729e24d3&type=Commits,unknown,,,,,
image,values_changed,9554186bf853f109c54f1397042bb740f1c5f2d9,https://github.com/search?q=9554186bf853f109c54f1397042bb740f1c5f2d9&type=Commits,unknown,,,,,
volumes,values_changed,686f99dceb46063f14ae845b267b2c0748e36147,https://github.com/search?q=686f99dceb46063f14ae845b267b2c0748e36147&type=Commits,unknown,,,,,
volumes,iterable_item_removed,262a4517cee3b3faff396038ebc2659a550f23f5,https://github.com/search?q=262a4517cee3b3faff396038ebc2659a550f23f5&type=Commits,unknown,,,,,
image,values_changed,5abe3579a78dd73bb0703959fed55124ffa42ce3,https://github.com/search?q=5abe3579a78dd73bb0703959fed55124ffa42ce3&type=Commits,unknown,,,,,
volumes,iterable_item_added,1fdaa6d6af2d5dae5b88003ee4a89a863608d252,https://github.com/search?q=1fdaa6d6af2d5dae5b88003ee4a89a863608d252&type=Commits,unknown,,,,1 (conf),
image,values_changed,bf1cc8d84ac7084a4a44e14ddded301e26a32455,https://github.com/search?q=bf1cc8d84ac7084a4a44e14ddded301e26a32455&type=Commits,unknown,,,,,
volumes,dictionary_item_added,86104ecd42c04226ed2cf8286a54264716c5cb9f,https://github.com/search?q=86104ecd42c04226ed2cf8286a54264716c5cb9f&type=Commits,unknown,,1 (logs),,,
image,values_changed,c65e048e2254f6569e7118d7effc49f505910f3d,https://github.com/search?q=c65e048e2254f6569e7118d7effc49f505910f3d&type=Commits,unknown,,,,,
volumes,values_changed,2ca010e52a7709e26b0ff65aa81ab47a73302388,https://github.com/search?q=2ca010e52a7709e26b0ff65aa81ab47a73302388&type=Commits,refactor moved database to a different location in the host,,,,,
volumes,dictionary_item_removed,4bcd3a04a6719f86c0f72ba0e6a9d87e7baa1e93,https://github.com/search?q=4bcd3a04a6719f86c0f72ba0e6a9d87e7baa1e93&type=Commits,unknown,,,,,
volumes,values_changed,dd9b1c54787807750065e392581d27186a51024d,https://github.com/search?q=dd9b1c54787807750065e392581d27186a51024d&type=Commits,restricting downloading from web,,,,,
volumes,dictionary_item_added,a24b6a157f52fda82f4c2a20bec941b894aef209,https://github.com/search?q=a24b6a157f52fda82f4c2a20bec941b894aef209&type=Commits,unknown,,,,,1
volumes,iterable_item_added,58cc659dbf784e09eb9721689a419cb1db31d549,https://github.com/search?q=58cc659dbf784e09eb9721689a419cb1db31d549&type=Commits,sharing data between containers,,,1,,
image,values_changed,b49b37d407776ad85ac47c63de413dbb1d93bef3,https://github.com/search?q=b49b37d407776ad85ac47c63de413dbb1d93bef3&type=Commits,unknown,,,,,
image,values_changed,837c7ce4bf00ce5de9950dfc8f2200b1714676b5,https://github.com/search?q=837c7ce4bf00ce5de9950dfc8f2200b1714676b5&type=Commits,moved to a alpine version,,,,,
volumes,values_changed,ff553580d3ffc3a4986c2815cb6434465553d4d3,https://github.com/search?q=ff553580d3ffc3a4986c2815cb6434465553d4d3&type=Commits,unknown,,,,,
image,values_changed,118963b3edfd49c53462ff98ab8d714f5273881c,https://github.com/search?q=118963b3edfd49c53462ff98ab8d714f5273881c&type=Commits,unknown,,,,,
volumes,values_changed,a212606686ff7e683482890bdaca82d32dcb1e77,https://github.com/search?q=a212606686ff7e683482890bdaca82d32dcb1e77&type=Commits,unknown,,,,,
volumes,values_changed,7353061696d160315db35e9a1e4b5e747edfe7a0,https://github.com/search?q=7353061696d160315db35e9a1e4b5e747edfe7a0&type=Commits,moved to alpine version,,,,,
volumes,iterable_item_removed,e0559fe254782edc231386915d85a33d5199a424,https://github.com/search?q=e0559fe254782edc231386915d85a33d5199a424&type=Commits,unknown,,,,,
image,values_changed,6755f42c76f7e6ba7103fb9cca39b2572189e12e,https://github.com/search?q=6755f42c76f7e6ba7103fb9cca39b2572189e12e&type=Commits,unknown,,,,,
image,dictionary_item_removed,53d790a10e7030ad1a5c0fe4e64a1adc5749a2c4,https://github.com/search?q=53d790a10e7030ad1a5c0fe4e64a1adc5749a2c4&type=Commits,unknown,,,,,
image,values_changed,69a076d3b917b4eef411c1ac4a81dcd241d9e2fb,https://github.com/search?q=69a076d3b917b4eef411c1ac4a81dcd241d9e2fb&type=Commits,update to the latest digest,,,,,
image,values_changed,9cedc455bc782219f663233c3524336174d16f77,https://github.com/search?q=9cedc455bc782219f663233c3524336174d16f77&type=Commits,update the version of the image to match the release number,,,,,
volumes,iterable_item_removed,3f4750b69cc745c2e33420437b8ea6823a73ede0,https://github.com/search?q=3f4750b69cc745c2e33420437b8ea6823a73ede0&type=Commits,unknown,,,,,
volumes,values_changed,d131229c95f47d8b58f95fcd1260bb749efc64db,https://github.com/search?q=d131229c95f47d8b58f95fcd1260bb749efc64db&type=Commits,unknown,,,,,
image,values_changed,ddb1ae313e35b203d404acf34b980d3ffe8b5170,https://github.com/search?q=ddb1ae313e35b203d404acf34b980d3ffe8b5170&type=Commits,moved to a alpine version to reduce size,,,,,
volumes,dictionary_item_removed,0d3a65babd16864d15283b44dc3c5a7a6f57cf63,https://github.com/search?q=0d3a65babd16864d15283b44dc3c5a7a6f57cf63&type=Commits,unknown,,,,,
volumes,dictionary_item_added,82cb2d202528cc6ba44f304773346bc528a332d2,https://github.com/search?q=82cb2d202528cc6ba44f304773346bc528a332d2&type=Commits,unknown,,,,,1
volumes,values_changed,a2b8267cd56abc4ac273798f581c037179f510a5,https://github.com/search?q=a2b8267cd56abc4ac273798f581c037179f510a5&type=Commits,variable substitution used to make the path more configurable,,,,,
volumes,iterable_item_added,038d1171945b884239fb1817cd975e45a73e1226,https://github.com/search?q=038d1171945b884239fb1817cd975e45a73e1226&type=Commits,unknown,,,,,1
image,values_changed,502d46d3d036f794455c5618ee17e3854b3a9eaf,https://github.com/search?q=502d46d3d036f794455c5618ee17e3854b3a9eaf&type=Commits,unknown,,,,,
volumes,iterable_item_added,c002461b0265d676c790a2693ed73e648654e0b6,https://github.com/search?q=c002461b0265d676c790a2693ed73e648654e0b6&type=Commits,unknown,,,,1 (conf),
volumes,values_changed,a4dc25517e26bb2ba65d4dd9121b2133e0bc21fd,https://github.com/search?q=a4dc25517e26bb2ba65d4dd9121b2133e0bc21fd&type=Commits,unknown,,,,,
volumes,values_changed,b00838fffbae3644e6d2be650407f033147f66f3,https://github.com/search?q=b00838fffbae3644e6d2be650407f033147f66f3&type=Commits,unknown,,,,,
volumes,dictionary_item_added,76a8905a6e40e9b907f17a030696f052248679f6,https://github.com/search?q=76a8905a6e40e9b907f17a030696f052248679f6&type=Commits,unknown,,,,1 (bash),
volumes,values_changed,35ef89c2a646503fb4d4c34e87f6f46f9182efa9,https://github.com/search?q=35ef89c2a646503fb4d4c34e87f6f46f9182efa9&type=Commits,unknown,,,,,
volumes,iterable_item_removed,7b1836e4ae4644009e7f80c76137d8446927ac99,https://github.com/search?q=7b1836e4ae4644009e7f80c76137d8446927ac99&type=Commits,unknown,,,,,
image,values_changed,231300dfb5a7cc94928216ccddadb473afd50f75,https://github.com/search?q=231300dfb5a7cc94928216ccddadb473afd50f75&type=Commits,fixing docker image link,,,,,
image,values_changed,97ab73fc42525162fb0ac1646f20908eef5356c0,https://github.com/search?q=97ab73fc42525162fb0ac1646f20908eef5356c0&type=Commits,unknown,,,,,
volumes,iterable_item_added,e1939a46bfb55c49f502791404c0e49567f5a4bb,https://github.com/search?q=e1939a46bfb55c49f502791404c0e49567f5a4bb&type=Commits,unknown,,1,1,1,
image,values_changed,76397aa5370491260a3b731ca863596ab0f09cf2,https://github.com/search?q=76397aa5370491260a3b731ca863596ab0f09cf2&type=Commits,unknown,,,,,
image,values_changed,74e61f466018ea6cee4c2ac8057336d96c3d33a5,https://github.com/search?q=74e61f466018ea6cee4c2ac8057336d96c3d33a5&type=Commits,update docker image to match release number,,,,,
volumes,values_changed,6492eb2df557907740a0a7a4f2ee70ffc06bda77,https://github.com/search?q=6492eb2df557907740a0a7a4f2ee70ffc06bda77&type=Commits,fixed directory mapping,,,,,
volumes,iterable_item_added,ca2e7dcd69177b6df32b8a46d8faede41a4a0844,https://github.com/search?q=ca2e7dcd69177b6df32b8a46d8faede41a4a0844&type=Commits,unknown,,1 (log and cache),,1 (src),
volumes,dictionary_item_added,cb22aa47ba8aca5809e3c4b69360db143e259ac3,https://github.com/search?q=cb22aa47ba8aca5809e3c4b69360db143e259ac3&type=Commits,added named volume to share bundled packages between the host and the containers,,,,1,
image,values_changed,12de7d3c69ed215889fbee50071945b738c8b865,https://github.com/search?q=12de7d3c69ed215889fbee50071945b738c8b865&type=Commits,update docker image to match release number,,,,,
image,values_changed,ff0508ceab77acc7c6f278741e289c6af460e489,https://github.com/search?q=ff0508ceab77acc7c6f278741e289c6af460e489&type=Commits,unknown,,,,,
volumes,values_changed,05e5bfe3e2a9d986b3fc847ce83adb96b660aee6,https://github.com/search?q=05e5bfe3e2a9d986b3fc847ce83adb96b660aee6&type=Commits,unknown,,,,,
image,values_changed,43c2a8fc4b5e2ae2c05dcac38b69febb176f4903,https://github.com/search?q=43c2a8fc4b5e2ae2c05dcac38b69febb176f4903&type=Commits,update docker image to match release number,,,,,
volumes,iterable_item_removed,710aa5344b752ccb515fe9134fa6d702610edc9e,https://github.com/search?q=710aa5344b752ccb515fe9134fa6d702610edc9e&type=Commits,unknown,,,,,
image,values_changed,f828fabd220c0f731834c0eed84d43337a5ad494,https://github.com/search?q=f828fabd220c0f731834c0eed84d43337a5ad494&type=Commits,updated the digest,,,,,
image,values_changed,d3c3edead28a5bb393ba366815d7487dad258b1b,https://github.com/search?q=d3c3edead28a5bb393ba366815d7487dad258b1b&type=Commits,supporting a different base OS,,,,,
volumes,values_changed,9527e9b26011d7712f7d3b9f869457fdcc59f30e,https://github.com/search?q=9527e9b26011d7712f7d3b9f869457fdcc59f30e&type=Commits,unknown,,,,,
image,values_changed,8d99d16b8cd2014b8e0067c3bd2c1896fd7a9673,https://github.com/search?q=8d99d16b8cd2014b8e0067c3bd2c1896fd7a9673&type=Commits,update docker image to match release number,,,,,
volumes,dictionary_item_added,853d464a345237ce84a7a1739249e37495d53967,https://github.com/search?q=853d464a345237ce84a7a1739249e37495d53967&type=Commits,unknown,,1 (DB),,,
volumes,iterable_item_added,46846b929b700da43b2b151b743c72da8d0f486b,https://github.com/search?q=46846b929b700da43b2b151b743c72da8d0f486b&type=Commits,refactoring by removing quotes from configs,,,,,1
image,values_changed,d959926c3a6f65e51f59c577e29d4886327f9db4,https://github.com/search?q=d959926c3a6f65e51f59c577e29d4886327f9db4&type=Commits,update docker image to match release number,,,,,
image,values_changed,9401eb89b9681c3001116da9af88efa34f445602,https://github.com/search?q=9401eb89b9681c3001116da9af88efa34f445602&type=Commits,unknown,,,,,
volumes,dictionary_item_added,c594cbc7835daa51de7e262f8b36efc7b55a2cfc,https://github.com/search?q=c594cbc7835daa51de7e262f8b36efc7b55a2cfc&type=Commits,sharing data with container,,,,1 (src+config),
image,values_changed,3a44661ed34e7c9a35709a54598e23a09d933d77,https://github.com/search?q=3a44661ed34e7c9a35709a54598e23a09d933d77&type=Commits,unknown,,,,,
image,values_changed,4f3a9900e21e46eb0783f0f4876b9999cf7439fd,https://github.com/search?q=4f3a9900e21e46eb0783f0f4876b9999cf7439fd&type=Commits,moved to apline to save space,,,,,
image,values_changed,658c7413454a9a82f96f5a6edd7b96d03e94e814,https://github.com/search?q=658c7413454a9a82f96f5a6edd7b96d03e94e814&type=Commits,unknown,,,,,
image,values_changed,945c7fda5109c1fab046984c8dd87e5e163a5d8e,https://github.com/search?q=945c7fda5109c1fab046984c8dd87e5e163a5d8e&type=Commits,to use a different image,,,,,
image,values_changed,4b43c6b05c13f2de1b8b42aed5c8aecb24bc9f1f,https://github.com/search?q=4b43c6b05c13f2de1b8b42aed5c8aecb24bc9f1f&type=Commits,unknown,,,,,
image,values_changed,4a5f4a8dcd44593f94678d43db4f5aa7a80ee036,https://github.com/search?q=4a5f4a8dcd44593f94678d43db4f5aa7a80ee036&type=Commits,unknown,,,,,
volumes,values_changed,ca73a32775b062f4b4d5685d5fa66a56ab093891,https://github.com/search?q=ca73a32775b062f4b4d5685d5fa66a56ab093891&type=Commits,removed local host file dependency,,,,,
volumes,iterable_item_added,c749437b19fc30ea2da3d1ba3615752b1990198e,https://github.com/search?q=c749437b19fc30ea2da3d1ba3615752b1990198e&type=Commits,unknown,,,,,1
volumes,values_changed,ef2f39f7948dc0fed622a200b80aa677af39de81,https://github.com/search?q=ef2f39f7948dc0fed622a200b80aa677af39de81&type=Commits,refactor,,,,,
image,values_changed,f7fec61186e394ba24c58a8b5a9b430642b02714,https://github.com/search?q=f7fec61186e394ba24c58a8b5a9b430642b02714&type=Commits,unknown,,,,,
image,values_changed,92bdd357d8f18f9f31477bb83a172e52200b4ef2,https://github.com/search?q=92bdd357d8f18f9f31477bb83a172e52200b4ef2&type=Commits,unknown,,,,,
volumes,values_changed,db4c702eb8d6743c4c4229ffce2d2f20a49d9e5d,https://github.com/search?q=db4c702eb8d6743c4c4229ffce2d2f20a49d9e5d&type=Commits,unknown,,,,,
volumes,dictionary_item_added,9a3492f74af198547fffa22595f110cb16a32322,https://github.com/search?q=9a3492f74af198547fffa22595f110cb16a32322&type=Commits,ability to restore the database state,,,,1,
image,values_changed,6a5e30f356155246d53106de0f796a1a7cfb2434,https://github.com/search?q=6a5e30f356155246d53106de0f796a1a7cfb2434&type=Commits,unknown,,,,,
volumes,dictionary_item_added,fae870ba5ebf919f754b9f4fa570a42f5edbbba9,https://github.com/search?q=fae870ba5ebf919f754b9f4fa570a42f5edbbba9&type=Commits,unknown,,1 (DB),,,
volumes,dictionary_item_added,e92fe8c37730575206fb461642a36d710be2ccd7,https://github.com/search?q=e92fe8c37730575206fb461642a36d710be2ccd7&type=Commits,data persistence,,1 (cache),,,
volumes,dictionary_item_added,39ec89df091dcc1d5331a8d3716e96d577533132,https://github.com/search?q=39ec89df091dcc1d5331a8d3716e96d577533132&type=Commits,unknown,,1,,,
volumes,iterable_item_removed,fb3b7c1315e8569f708de13576503f271be855f7,https://github.com/search?q=fb3b7c1315e8569f708de13576503f271be855f7&type=Commits,unknown,,,,,
volumes,iterable_item_removed,75ff9e8d002b368d3c3c67e42154c342b6dc2f77,https://github.com/search?q=75ff9e8d002b368d3c3c67e42154c342b6dc2f77&type=Commits,unknown,,,,,
volumes,iterable_item_added,487dcbdcc7f26cb6287ae5784bd693a03f08114e,https://github.com/search?q=487dcbdcc7f26cb6287ae5784bd693a03f08114e&type=Commits,unknown,,,,1 (dependencies),
image,dictionary_item_removed,190872183244f407fb4ae8343702138ccfa80f5d,https://github.com/search?q=190872183244f407fb4ae8343702138ccfa80f5d&type=Commits,unknown,,,,,
volumes,values_changed,71d2edc17c31776f4d3b0cff56525e860de9821d,https://github.com/search?q=71d2edc17c31776f4d3b0cff56525e860de9821d&type=Commits,unknown,,,,,
image,values_changed,2713f44d45cee0f9199292c385c6a329eb08647e,https://github.com/search?q=2713f44d45cee0f9199292c385c6a329eb08647e&type=Commits,unknown,,,,,
image,values_changed,1a3a33c877fb81f89849d53f3b8dd0091e98bfc0,https://github.com/search?q=1a3a33c877fb81f89849d53f3b8dd0091e98bfc0&type=Commits,unknown,,,,,
volumes,values_changed,9348010f25ffa6d310a92f8c6f61c2700da6aaef,https://github.com/search?q=9348010f25ffa6d310a92f8c6f61c2700da6aaef&type=Commits,unknown,,,,,
volumes,values_changed,5d98577c364478ff277804c9f629f912e703b3b9,https://github.com/search?q=5d98577c364478ff277804c9f629f912e703b3b9&type=Commits,unknown,,,,,
image,values_changed,4f43c4040ec850ef3e31319675d20e1ddd759524,https://github.com/search?q=4f43c4040ec850ef3e31319675d20e1ddd759524&type=Commits,unknown,,,,,
image,values_changed,d0d91d64922747d523d48506e2e3f722b98f0937,https://github.com/search?q=d0d91d64922747d523d48506e2e3f722b98f0937&type=Commits,unknown,,,,,
volumes,values_changed,1a846d25ee13880ccba5daadc14bcb41a9f2ee43,https://github.com/search?q=1a846d25ee13880ccba5daadc14bcb41a9f2ee43&type=Commits,making the container data readonly,,,,,
image,values_changed,19afb890869d223790acafe7b9723d38b29dbfd5,https://github.com/search?q=19afb890869d223790acafe7b9723d38b29dbfd5&type=Commits,update docker image to match release number,,,,,
image,values_changed,3d040e94f26c58c0faee81e472d6b60cb2025e30,https://github.com/search?q=3d040e94f26c58c0faee81e472d6b60cb2025e30&type=Commits,unknown,,,,,
image,values_changed,e3266a1684affcebe462f80e69e69c228c6d0575,https://github.com/search?q=e3266a1684affcebe462f80e69e69c228c6d0575&type=Commits,unknown,,,,,
volumes,iterable_item_added,c4bcd7c00e17431257194150350dfcd13c97e758,https://github.com/search?q=c4bcd7c00e17431257194150350dfcd13c97e758&type=Commits,unknown,,1,,,
image,values_changed,76b6f0e2d7af5e9d9af074e420b2619dee50f623,https://github.com/search?q=76b6f0e2d7af5e9d9af074e420b2619dee50f623&type=Commits,unknown,,,,,
volumes,values_changed,d8f8372f95659faa81497c73205e7db1ff7b35a5,https://github.com/search?q=d8f8372f95659faa81497c73205e7db1ff7b35a5&type=Commits,unknown,,,,,
volumes,iterable_item_added,7e5ba170816877d08498ba42abfdc82274ba4630,https://github.com/search?q=7e5ba170816877d08498ba42abfdc82274ba4630&type=Commits,sharing resource inside container,,,,1 (linter files),
volumes,values_changed,1f6d94d095c61f6ae0b315760c26a8d92c14e1c4,https://github.com/search?q=1f6d94d095c61f6ae0b315760c26a8d92c14e1c4&type=Commits,unknown,,,,,
volumes,values_changed,2a0cf0cb21b3e9d769c2646047cf1186712eaac1,https://github.com/search?q=2a0cf0cb21b3e9d769c2646047cf1186712eaac1&type=Commits,restoring the container status,,,,,
volumes,values_changed,df7518fb1b9ca1706ba13ca389d741117531fa05,https://github.com/search?q=df7518fb1b9ca1706ba13ca389d741117531fa05&type=Commits,refactoring the directory tructure,,,,,
volumes,iterable_item_removed,593f88b5298fe17646d7fbca8b785e50ca33bcf6,https://github.com/search?q=593f88b5298fe17646d7fbca8b785e50ca33bcf6&type=Commits,volumes replaced by tmpfs for temporary storage,,,,,
image,dictionary_item_added,b31e0bca355d90b1430f6753db25e147cc6fb71d,https://github.com/search?q=b31e0bca355d90b1430f6753db25e147cc6fb71d&type=Commits,specifying the name of the image,,,,,
volumes,values_changed,69d4671b5346671d9ded14d48b2ee1549ff86bf7,https://github.com/search?q=69d4671b5346671d9ded14d48b2ee1549ff86bf7&type=Commits,added named volumes to avoid randomly named volumes,,,,,
volumes,iterable_item_added,1e767c7c931c263bc0a6f8c06e4ffd60fb9fd255,https://github.com/search?q=1e767c7c931c263bc0a6f8c06e4ffd60fb9fd255&type=Commits,unknown,,,,,1
volumes,values_changed,df948871655f883f6e608601be446bcb60bcbf49,https://github.com/search?q=df948871655f883f6e608601be446bcb60bcbf49&type=Commits,fixed issue of not specifying the path of the container for the volume mapping,,,,,
image,dictionary_item_removed,76a8905a6e40e9b907f17a030696f052248679f6,https://github.com/search?q=76a8905a6e40e9b907f17a030696f052248679f6&type=Commits,using custom built image to avoid using official image with missing feature,,,,,
volumes,dictionary_item_added,6f5d65e975a3281556a59380d57b4e1b1c0e6023,https://github.com/search?q=6f5d65e975a3281556a59380d57b4e1b1c0e6023&type=Commits,to make the data persistent,,1,,,
image,values_changed,87fee12d6cd1ab3e9ddad3ef4aa452deebec0262,https://github.com/search?q=87fee12d6cd1ab3e9ddad3ef4aa452deebec0262&type=Commits,unknown,,,,,
image,values_changed,f9144c086d562dfbcdfff3deb927b6304a9bfb1d,https://github.com/search?q=f9144c086d562dfbcdfff3deb927b6304a9bfb1d&type=Commits,unknown,,,,,
volumes,dictionary_item_added,c123293f7026d9177dd39d16de906301f81d2b1c,https://github.com/search?q=c123293f7026d9177dd39d16de906301f81d2b1c&type=Commits,unknown,,,,,1
image,values_changed,f572c9dd340b82c86589b13830bb827623eb5006,https://github.com/search?q=f572c9dd340b82c86589b13830bb827623eb5006&type=Commits,unknown,,,,,
image,values_changed,775c5b8c842befcb420f657673e9a678d87585f0,https://github.com/search?q=775c5b8c842befcb420f657673e9a678d87585f0&type=Commits,to keep data persistent,,,,,
image,values_changed,5262d9e801818f8a8ef142c774cfc51644724254,https://github.com/search?q=5262d9e801818f8a8ef142c774cfc51644724254&type=Commits,unknown,,,,,
volumes,iterable_item_added,1f089b66ee1fa5966ea7887e76bf2bae9cc1148e,https://github.com/search?q=1f089b66ee1fa5966ea7887e76bf2bae9cc1148e&type=Commits,added etc/local in ro mode to pass the time,,,,1 (localtime),
volumes,dictionary_item_removed,48dad430e160de71a717a12f7727ded400f2b058,https://github.com/search?q=48dad430e160de71a717a12f7727ded400f2b058&type=Commits,unknown,,,,,
volumes,values_changed,681fb038735512172f65fc2ffff6751d2356f8f6,https://github.com/search?q=681fb038735512172f65fc2ffff6751d2356f8f6&type=Commits,unknown,,,,,
image,dictionary_item_added,08338a9fa7f268209fe54390fcd27f24dbe3e4fd,https://github.com/search?q=08338a9fa7f268209fe54390fcd27f24dbe3e4fd&type=Commits,unknown,,,,,
image,dictionary_item_removed,500f7752f1a179fee8e0ce678732444d414bdeb3,https://github.com/search?q=500f7752f1a179fee8e0ce678732444d414bdeb3&type=Commits,unknown,,,,,
image,values_changed,5729dbea664413f67e4369e66928601c144829d4,https://github.com/search?q=5729dbea664413f67e4369e66928601c144829d4&type=Commits,version pinned from latest,,,,,
volumes,dictionary_item_added,67a2ad87e6500961167e1a682ccee58edf1a0359,https://github.com/search?q=67a2ad87e6500961167e1a682ccee58edf1a0359&type=Commits,unknown,,1 (cache),,,
volumes,iterable_item_added,1da4aeab80a20fad7e662907345aee3298fa8d1f,https://github.com/search?q=1da4aeab80a20fad7e662907345aee3298fa8d1f&type=Commits,unknown,,,,,1
volumes,values_changed,d4ae90f5ad236a431dff4e563f4fffe26488e706,https://github.com/search?q=d4ae90f5ad236a431dff4e563f4fffe26488e706&type=Commits,unknown,,,,,
volumes,values_changed,71c6cbdfe9d177674a4a3a4db71b0c29d103cd24,https://github.com/search?q=71c6cbdfe9d177674a4a3a4db71b0c29d103cd24&type=Commits,"cleanup, removed duplicate resources",,,,,
volumes,values_changed,a8d3c1914336a27c0a435cc93c8d8e5e7ae30412,https://github.com/search?q=a8d3c1914336a27c0a435cc93c8d8e5e7ae30412&type=Commits,refactor,,,,,
volumes,values_changed,9f1a61ebccfe630a65d675675d1197899a487cf9,https://github.com/search?q=9f1a61ebccfe630a65d675675d1197899a487cf9&type=Commits,unknown,,,,,
image,values_changed,273c75ed165dbff06b3fa3a171cc6f77a44ccb70,https://github.com/search?q=273c75ed165dbff06b3fa3a171cc6f77a44ccb70&type=Commits,version pinned issue resolution,,,,,
volumes,iterable_item_added,25c7a79b4e368ed44f3051ca2a97e05c4f5dd33f,https://github.com/search?q=25c7a79b4e368ed44f3051ca2a97e05c4f5dd33f&type=Commits,sharing configuration with the container,,,,1(ssl),
volumes,values_changed,dd57ffa751d68896527c24b18ffb025917163179,https://github.com/search?q=dd57ffa751d68896527c24b18ffb025917163179&type=Commits,unknown,,,,,
image,values_changed,91e6994445c7730dd50d7e74f1fecc797e4d56bb,https://github.com/search?q=91e6994445c7730dd50d7e74f1fecc797e4d56bb&type=Commits,unknown,,,,,
volumes,dictionary_item_added,a6efdc020aaea9ac882b760bbe67e828d8fce322,https://github.com/search?q=a6efdc020aaea9ac882b760bbe67e828d8fce322&type=Commits,unknown,,1,,,
volumes,iterable_item_added,e342b3c131d5c406926cbf3f629d75bac553eb75,https://github.com/search?q=e342b3c131d5c406926cbf3f629d75bac553eb75&type=Commits,data persistency,,1,,1 (conf),
volumes,dictionary_item_added,61683ef6b21a8f8d67751c8882e31905f994b313,https://github.com/search?q=61683ef6b21a8f8d67751c8882e31905f994b313&type=Commits,sharing volumes among different containers,,,1,,
image,values_changed,0fb2dfc265449a03ab9e40cc1311a5e11e3c509f,https://github.com/search?q=0fb2dfc265449a03ab9e40cc1311a5e11e3c509f&type=Commits,unknown,,,,,
image,values_changed,a48d00aa3ae1b1eab3eb1ae310e1134615b22fc7,https://github.com/search?q=a48d00aa3ae1b1eab3eb1ae310e1134615b22fc7&type=Commits,version pinned issue resolution,,,,,
image,values_changed,b552778fe78f2c1843767dcd35354bc0557785a3,https://github.com/search?q=b552778fe78f2c1843767dcd35354bc0557785a3&type=Commits,update the version of the image to match the release number,,,,,
volumes,dictionary_item_added,ec721113148fe46baedee414960377b770a082db,https://github.com/search?q=ec721113148fe46baedee414960377b770a082db&type=Commits,unknown,,,1,,
volumes,dictionary_item_removed,d525bfd04703af42db2ca28d654e14548cb28f74,https://github.com/search?q=d525bfd04703af42db2ca28d654e14548cb28f74&type=Commits,unknown,,,,,
volumes,values_changed,47cae97280140f0b783dfd59c1bc5dcff9977ee4,https://github.com/search?q=47cae97280140f0b783dfd59c1bc5dcff9977ee4&type=Commits,unknown,,,,,
image,values_changed,4acd971627d994de28b2032883b78217d37af174,https://github.com/search?q=4acd971627d994de28b2032883b78217d37af174&type=Commits,update the version of the image to match the release number,,,,,
volumes,dictionary_item_added,1c2d65cec7878915584bf382e216f2db6bff0432,https://github.com/search?q=1c2d65cec7878915584bf382e216f2db6bff0432&type=Commits,data persistency,,1,,,
volumes,values_changed,cbcd8542f10728f1377e6ff01ab4012f98e1f60e,https://github.com/search?q=cbcd8542f10728f1377e6ff01ab4012f98e1f60e&type=Commits,refactor,,,,,
image,values_changed,b27fad6f1d84a6c61790bfdc37c99f319b30adeb,https://github.com/search?q=b27fad6f1d84a6c61790bfdc37c99f319b30adeb&type=Commits,image with additional feature added,,,,,
volumes,iterable_item_added,116962abc6437c35056f3fb4c9c0a66fca6c2790,https://github.com/search?q=116962abc6437c35056f3fb4c9c0a66fca6c2790&type=Commits,cleanuo,,,,1 (important case),
volumes,dictionary_item_added,affccaaf823e4caf45ab82119b6e46ab8a3dea0d,https://github.com/search?q=affccaaf823e4caf45ab82119b6e46ab8a3dea0d&type=Commits,sharing configuration with the container,,,,1 (config),
volumes,dictionary_item_removed,4cb23cee65e0b8dfe64064bd926fae7c5c71f487,https://github.com/search?q=4cb23cee65e0b8dfe64064bd926fae7c5c71f487&type=Commits,unknown,,,,,
image,values_changed,a23731c6c5a98efb22768597554a2d9b37d995da,https://github.com/search?q=a23731c6c5a98efb22768597554a2d9b37d995da&type=Commits,unknown,,,,,
volumes,dictionary_item_added,0ccfeaeefce23412d25bc2ad0016574e35a10850,https://github.com/search?q=0ccfeaeefce23412d25bc2ad0016574e35a10850&type=Commits,unknown,,1,,,
image,dictionary_item_added,aae21b1eb16a589d10fa9213a0892aad7d7c20a5,https://github.com/search?q=aae21b1eb16a589d10fa9213a0892aad7d7c20a5&type=Commits,unknown,,,,,
volumes,iterable_item_added,36d4c57a272e45d455b57eacf88afd4e46ece112,https://github.com/search?q=36d4c57a272e45d455b57eacf88afd4e46ece112&type=Commits,unknown,,,,,1
image,values_changed,1f87324aa1624934d320e020c1c47db9e38adf1d,https://github.com/search?q=1f87324aa1624934d320e020c1c47db9e38adf1d&type=Commits,use a different image for other feature,,,,,
volumes,dictionary_item_added,7c081d68f27ebc99a97a8384a35bd5e2fa704bb7,https://github.com/search?q=7c081d68f27ebc99a97a8384a35bd5e2fa704bb7&type=Commits,unknown,,,,,1
volumes,dictionary_item_removed,897776fbb5ccc1164f9bfed46f8c2c38d2623065,https://github.com/search?q=897776fbb5ccc1164f9bfed46f8c2c38d2623065&type=Commits,removing persistency,,,,,
image,dictionary_item_removed,ee5e1295db2ea727251ecd657c1bf1395f7fad7e,https://github.com/search?q=ee5e1295db2ea727251ecd657c1bf1395f7fad7e&type=Commits,unknown,,,,,
image,values_changed,9f71c814f0d054651c32a0a62a4347156bafe6e6,https://github.com/search?q=9f71c814f0d054651c32a0a62a4347156bafe6e6&type=Commits,unknown,,,,,
image,values_changed,ae820275d721e80f46b99fd82ed61899a6fa7405,https://github.com/search?q=ae820275d721e80f46b99fd82ed61899a6fa7405&type=Commits,version pinned issue resolution,,,,,
image,values_changed,361a302146cd58633f73ef50aa8487d24cfaa5e4,https://github.com/search?q=361a302146cd58633f73ef50aa8487d24cfaa5e4&type=Commits,unknown,,,,,
image,values_changed,6c32304d9db786fcbfb1cca533bd4e4c1d858c7f,https://github.com/search?q=6c32304d9db786fcbfb1cca533bd4e4c1d858c7f&type=Commits,version pinned issue resolution,,,,,
image,values_changed,af553f3a1dca7c1cc9b6773dcd12ec73bd6c1fff,https://github.com/search?q=af553f3a1dca7c1cc9b6773dcd12ec73bd6c1fff&type=Commits,unknown,,,,,
volumes,iterable_item_added,1e4cfce52bb8979416ea0c7c894bd295cc67fd24,https://github.com/search?q=1e4cfce52bb8979416ea0c7c894bd295cc67fd24&type=Commits,data persistency,,1,,,
volumes,values_changed,a7562958cc275bd72db8e90fbcd8c31c75c3e715,https://github.com/search?q=a7562958cc275bd72db8e90fbcd8c31c75c3e715&type=Commits,unknown,,,,,