,project,commit_hash,compose_file,other_file,Unclear,Not related,new dockerfile,dockerhub to local or vice-versa,add a resource in dockerfile and run it in docker-compose or the opposite,dockerfile to control existing components,remove a component,changing paths,pining versions,externalisatoin,generalization of a component,redefinition of env,synchronize configs,update versions of dependencies,sync ports,parameterization,update version of the system,expose volume for docker-compose,"Specialization (moving something to dockerhub, having a dockerfile dedicated to only one component instaed of having it reusable for different components)",Other,sync parameters and names
,,,,,114,108,24,7,5,2,6,27,1,2,6,2,4,17,6,8,3,8,4,12,4
11478,13643480/tugbot,b7d32ac146dabe99f47be2d9deb6c2350022e691,docker-compose,dockerfile,,1,,,,,,,,,,,,,,,,,,,
77735,4488422/Drones-Simulator,53d790a10e7030ad1a5c0fe4e64a1adc5749a2c4,docker-compose,dockerfile,,,,1,,,,,,,,,,,,,,,,,
14013,1592420/tfk-api-postnummer,2febc021e1fa9ec24bf356623e56bcb67ee2b362,docker-compose,dockerfile,,1,,,,,,,,,,,,,,,,,,,
24358,28084340/spring-angular2-starter,158963af4e4c82f53bf79911d033c4b89a708c1f,docker-compose,dockerfile,,1,,,,,,,,,,,,,,,,,,,
62059,2109549/docker-postgresplus,93b291b86cf28bdd5cdf5f2d0b23c15df5c0a044,docker-compose,dockerfile,,1,,,,,,,,,,,,,,,,,,,
69454,33798404/vitalizer,6c1b9984de85955b4d57f0be63d9f9511f01a680,docker-compose,dockerfile,1,,,,,,,,,,,,,,,,,,,,
1758,10287804/spring-angular2-starter,e960bdf12bffad122e31c303c19788861cbbceaf,docker-compose,dockerfile,,,,,1,,,,,,,,,,,,,,,,
3001,1066909/libfuzzerfication,c296e999714e7e0c8c10bf411ca06baa5c410cd4,docker-compose,dockerfile,,1,,,,,,,,,,,,,,,,,,,
73831,3654428/spring-microservices-architecture,cf3e9b510ac420f00a0982912440971b528a5876,docker-compose,dockerfile,,,,,,1,,,,,,,,,,,,,,,
9026,12667555/preparedness-for-resilience,e47dc0e465bb98746df2fc7f5e7f25df1ff55f95,docker-compose,dockerfile,,1,,,,,,,,,,,,,,,,,,,
26228,3012012/points-extraction,67f495e65389c9c9d6e104a585b6d4e3c3194f1c,docker-compose,dockerfile,1,,,,,,,,,,,,,,,,,,,,
18248,2049524/quantum,5d6b4cda9ecbd041963a20c091a12d23f15f4167,docker-compose,dockerfile,,,,,1,,,,,,,,,,,,,,,,
49801,831624/sithmail-tipbot,77a6b408cc1614f7aa2faf3b4b727ecdf2b1a0ee,docker-compose,dockerfile,1,,,,,,,,,,,,,,,,,,,,
75520,38053998/openrepl,459a557e6ac49e39a98ff15d58c0e48541388254,docker-compose,dockerfile,1,,,,,,,,,,,,,,,,,,,,
71241,34714200/grenouilleAPI,e8602a3ddb1e827b1b766c13feae6d380b6b1fba,docker-compose,dockerfile,,,,,,,1,,,,,,,,,,,,,,
16806,1869444/krihelinator,a6b1c24042fcae870a0c1e8209fd567454d700c8,docker-compose,dockerfile,,,,1,,,,,,,,,,,,,,,,,
8747,12333688/pubkey.sh,2935ca141b53d3095e59a94ef8f883e71ebf3b2f,docker-compose,dockerfile,,,1,,,,,,,,,,,,,,,,,,
60777,1823829/manon,4259e55d30b2cec4b8d0272bb57c5a92e1be5820,docker-compose,dockerfile,,,,,,,,1,,,,,,,,,,,,,
27938,3111050/tfk-opengov-meetings-api,8060ccc4d9e54dbb0d5c11b61f9b2efc411fa2b3,docker-compose,dockerfile,,,,,,,,,1,,,,,,,,,,,,
75039,37658140/genome-nexus,f59270c4d49ec85acfa02b8b6f82980a5905e34c,docker-compose,dockerfile,1,,,,,,,,,,,,,,,,,,,,
352,10070448/webrecorder,1cadb4c895080b5dd0b917ae00f56a297c4c9411,docker-compose,dockerfile,,,,,,,,,,1,,,,,,,,,,,
45431,71830/webview,f9be485136514d9ab0dd7d743144407d0136afad,docker-compose,dockerfile,1,,,,,,,,,,,,,,,,,,,,
9966,13224316/airflow-pipeline,624cb11c1179351d7924fbbb2d8f807d7c2281ae,docker-compose,dockerfile,,,,,,,,,,,1,,,,,,,,,,
27940,3111050/tfk-opengov-meetings-api,eff1554a4dadb6f275dbfb33ac0f855bb3cf3aee,docker-compose,dockerfile,,,1,,,,,,,,,,,,,,,,,,
62765,2459782/osbs-box,3d8a732f7f5de0c47940603f768b6ae9da8ea4c3,docker-compose,dockerfile,,,1,,,,,,,,,,,,,,,,,,
45701,72776/curious,fe4eac655fc9a79983719450f689d3bb30bc945a,docker-compose,dockerfile,,,,,,,,,,1,,,,,,,,,,,
57985,1369375/geotrellis-pointcloud-demo,fa08ff7df836859357aa5e12eb7dd636d3f2ba93,docker-compose,dockerfile,1,,,,,,,,,,,,,,,,,,,,
20208,235414/velo.lv,00491d67e1ce85fd31bd00adf8f83efa1f70080e,docker-compose,dockerfile,,,1,,,,,,,,,,,,,,,,,,
74222,36903879/frappe_docker,950647a18289cf577abe046c3c9f2d9e87f1fdac,docker-compose,dockerfile,,,,,,1,,,,,,,,,,,,,,,
52867,9326089/demo,267686240ff2c290ae7839f5024ce3476410be3f,docker-compose,dockerfile,,1,,,,,,,,,,,,,,,,,,,
54274,979533/isamuni,4d95f3f41cbdf4ec2f08c8797e76633a940a5b80,docker-compose,dockerfile,,,,,,,,,,,,1,,,,,,,,,
80697,7217705/loopback3-connector-couchbase,dc4f0676910732cbcc8f2e6224ae2cbc7d20ee29,docker-compose,dockerfile,,,,,,,,,,,,,1,,,,,,,,
7175,11699622/hav,e1bfddec55681f8bd065b8797ddaf0353b2e865a,docker-compose,dockerfile,1,,,,,,,,,,,,,,,,,,,,
75734,3829045/RapBot,8d09af39888f15ac6886603d95ea5c7d2910cfa3,docker-compose,dockerfile,,,1,,,,,,,,,,,,,,,,,,
77873,456148/angular-contacts-app-example,878de465c11036cf9318b052a6e56db73454ac01,docker-compose,dockerfile,1,,,,,,,,,,,,,,,,,,,,
17985,2038850/spz-signup,459847df116ded073cebc94eaa08f89ed2b7a05a,docker-compose,dockerfile,,,,1,,,,1,,,,,,,,,,,,,
37694,54788/raster-foundry,a8b57aa9b43de205a1964d0dfe31100276439931,docker-compose,dockerfile,,,,,,,,1,,,,,,,,,,,,,
26351,3012012/standpoint,e43fb43636909548d04a7d5d7b1e9c7f1a84842e,docker-compose,dockerfile,,,,,,,1,,,,,,,,,,,,,,
22365,2564621/av-service,3cfb5519c5014e8edd0a5b80060f3e79d964b730,docker-compose,dockerfile,,,,,,,,,,,,,1,,,,,,,,
11188,1346693/correspondence_tool_staff,955ddbe053eb7a8994b2b073664d2991835ef0c9,docker-compose,dockerfile,1,,,,,,,,,,,,,,,,,,,,
31172,37289/ovation-webapi,817871c46178f7786fa20cc1698f090b1dcc6237,docker-compose,dockerfile,,,,,,,,,,,,,1,,,,,,,,
5089,11294423/api-server,20c9da1ddfcea919f5cc732dc85633c1eeb0ba02,docker-compose,dockerfile,,,,,,,,1,,,,,,,,,,,,,
9351,129657/djbot,cd8fa4ffb71006e051ed866ca19b0cf08305ac91,docker-compose,dockerfile,1,,,,,,,,,,,,,,,,,,,,
2290,10456602/osm2vectortiles,816eea4b28254e8fa6e579a1dffe6ac33d285b54,docker-compose,dockerfile,1,,,,,,,,,,,,,,,,,,,,
29746,3421662/gitlab-ce-zh,ee6d0c7e6fec815c7884472dc3cc38a117de3238,docker-compose,dockerfile,,,,,,,,,,,,,,1,,,,,,,
54843,10297643/testcube,cbcee69107f62d09e33202ca62917beb5eafaada,docker-compose,dockerfile,,,,,,,,,,,,,,,,,,,1,,
57855,13622622/yangre-gui,7793a4446db07df41066bf699f36f1c6c7a466bf,docker-compose,dockerfile,1,,,,,,,,,,,,,,,,,,,,
37611,54788/raster-foundry,1d43523fac3b5f43b9d11d4aed3745dc64301220,docker-compose,dockerfile,,,,,,,,,,,,,,,,,,,1,,
62037,2109549/docker-postgresplus,e2c2f4fb01e2f212b8dc39238244c1438c11da04,docker-compose,dockerfile,,,,1,,,,,,,,,,,,,,,,,
32116,4073/hackathon-starter,c9ab8844f7005a7348b0ed783c35d10814dba722,docker-compose,dockerfile,,,,,,,,,,,,,,,1,,,,,,
49932,8331641/ylosix,f1328d23862263506acfb3717412b5b2267098f1,docker-compose,dockerfile,,,,,,,,,,,1,,,,,,,,,,
79230,60933/climate-watch,208fe8c16723bde406df604868ad748544c1f192,docker-compose,dockerfile,,,,,,,,,,,,,,,,1,,,,,
78092,4726896/CerebralCortex,ea0913d93c8791e64c9b3313d5be41b63b385797,docker-compose,dockerfile,,,,,,,,,,,1,,,,,,,,,,
61325,1946/mirage-ci,aa73c82240f136a52cfb255fff84fcd3b5d0bf91,docker-compose,dockerfile,1,,,,,,,,,,,,,,,,,,,,
48469,8108809/rssmonster,7a7e5c46d68a6623ebd62b3ba2998109334fef13,docker-compose,dockerfile,1,,,,,,,,,,,,,,,,,,,,
56886,12227941/in-memory-list,8c916641be09b2bc9adcf670bbc17906fea67727,docker-compose,dockerfile,,1,,,,,,,,,,,,,,,,,,,
12904,145495/sagefy,633d2e42dcfa75bc113f1049fd578edb2892be97,docker-compose,dockerfile,,,,,,,1,,,,,,,,,,,,,,
50839,8686733/shortener,acadff3a21a6e1566263af10588ee75a692ea0f8,docker-compose,dockerfile,,,,,,,,,,,,,,,,,,,1,,
81820,7616497/MTC,6b9d4a2c07821920234a3e1a09de54552d912e12,docker-compose,dockerfile,1,,,,,,,,,,,,,,,,,,,,
72923,357940/rumors-api,4f1a5cc403d46b2ac3c12ed3ad4a5677f7d3e534,docker-compose,dockerfile,,,,,,,,,,,,,,1,,,,,,,
57035,1227695/mrbutler-bot,8936190c9ce7d7acb42875bccd7eaec0b4268eda,docker-compose,dockerfile,,1,,,,,,,,,,,,,,,,,,,
7032,1167783/docker-otrs,837497990310c319c8423bdd52a7f06680758a7b,docker-compose,dockerfile,1,,,,,,,,,,,,,,,,,,,,
22041,2514128/elk,1915fdc4d804bfcc26fc3c786bed5c8e1a849ef6,docker-compose,dockerfile,1,,,,,,,,,,,,,,,,,,,,
52712,9326089/api-platform,dbfca4abd18148c92c5c462702fe528270ff6842,docker-compose,dockerfile,,1,,,,,,,,,,,,,,,,,,,
72190,35423467/name-bazaar,c8a0d3cfa5079db463ca4d9ab38af2e5864248bf,docker-compose,dockerfile,,1,,,,,,,,,,,,,,,,,,,
9616,1310397/MockResponse,0098d4fbae1eaf661272cf97f268ec875b06d636,docker-compose,dockerfile,,,,,,,,1,,,,,,,,,,,,,
67279,32473100/ztool-backhend-mongo,8117decc19239bcc8b3e2e941580a07ded6746a1,docker-compose,dockerfile,,1,,,,,,,,,,,,,,,,,,,
28075,31273671/facebook,f85630e3da489defd6ac62846802bf6bfe5349b3,docker-compose,dockerfile,,1,,,,,,,,,,,,,,,,,,,
56919,12246392/sesatheque,d176806f9aacb09b632fce734bf61d7001ac61e3,docker-compose,dockerfile,,1,,,,,,,,,,,,,,,,,,,
67257,32467510/dishonored2-power-calculator,569134c6725885d4a327f25162b4099a7853ac07,docker-compose,dockerfile,1,,,,,,,,,,,,,,,,,,,,
53362,9501622/footballpicks,904f708453eafd09b803104c28bef31c596d3682,docker-compose,dockerfile,,1,,,,,,,,,,,,,,,,,,,
75392,37811898/remp,617d7ca47d79816bba2ab685fb5fca4000f26c3a,docker-compose,dockerfile,,1,,,,,,,,,,,,,,,,,,,
595,1010786/roc-eln-docker,2f47d4b4a8eecd3b37a4e98132f4744f6a57339c,docker-compose,dockerfile,,,,,,,,,,,,,,1,,,,,,,
79427,6208728/yii2-app-basic-improve,fd276900ca6ca0cbc1c6b6983acdbb0235007928,docker-compose,dockerfile,,,,,,,,1,,,,,,,,,,,,,
32129,4076086/framework,c9b30d5bac87ca5dae38c554ab66c3a432c92874,docker-compose,dockerfile,,,,,,,,,,,,,,,,1,,,,,
34239,4862007/nanocloud,b3be3d06ddddf1327c59077914e0a940a00fbca8,docker-compose,dockerfile,,,1,,,,,,,,,,,,,,,,,,
14716,16450/hawkbit,9fb2e7f3bea5c7faefbf9a98b4ab0a8d0cb9fb30,docker-compose,dockerfile,,1,,,,,,,,,,,,,,,,,,,
5587,11397969/identityserver,fbea0c92fd35793c6452b5c70d5da6daad3008c3,docker-compose,dockerfile,,1,,,,,,,,,,,,,,,,,,,
28351,31624249/EDDI,3254cd2244440c2186bd4122fe76741b6318c719,docker-compose,dockerfile,,,,,,,,,,,,,,,,1,,,,,
67736,32878444/sonar-perl,02cef18b3034b0535b328a41b0f3ca6768097db8,docker-compose,dockerfile,,,,,,,,1,,,,,,,,,,,,,
85077,95143/keytransparency,fa4ed67a94fe85a32e86531391e9bcbb1f361d4c,docker-compose,dockerfile,,,,,,,,,,,,,,,,,,,,1,
11236,1346693/wp-ppo,0078c0ceab2e465dc35cb7c9d1d6677d8d407a31,docker-compose,dockerfile,,1,,,,,,,,,,,,,,,,,,,
61775,2074628/rest-tutorial,d53abd4a9280ab327d295092d0c9fa125852dcca,docker-compose,dockerfile,,,,,,,,,,,,,,1,,,,,,,
24167,2772083/docker-flow-swarm-listener,07bcba7542530d292afb213901f10fda97c67f04,docker-compose,dockerfile,1,,,,,,,,,,,,,,,,,,,,
70542,34403640/website,aa404d0fce6b7ebc1f5d2d830850eb09cf5d8486,docker-compose,dockerfile,,,,,,,,,,,,,1,,,,,,,,
71450,34917344/website,3fb590f4b1de96976554b6295abf5afca362c0fe,docker-compose,dockerfile,,1,,,,,,,,,,,,,,,,,,,
34643,4892743/gcpedia,34f32d7ad0726c33c0424deab94ee22e5413dedb,docker-compose,dockerfile,,,,,,,,,,,,,,,1,,,,,,
45649,72078/caravel,0a276ff75dcba82efa74f38dff2a58c994fd104f,docker-compose,dockerfile,,1,,,,,,,,,,,,,,,,,,,
14627,164151/scout,f055b2537bd5026f2d3f5fe6b307106706fb8715,docker-compose,dockerfile,1,,,,,,,,,,,,,,,,,,,,
8974,12634087/gazetteer,28d58df08906bb5a3ddea1f99b41be81945a955d,docker-compose,dockerfile,1,,,,,,,,,,,,,,,,,,,,
83372,8071965/backend,41c2b947bbeff52f000e1c5d83b7b88f81730875,docker-compose,dockerfile,,,,,,,1,,,,,,,,,,,,,,
42169,6539221/algobox,598f1939c72af1a34b85c9f40b450e4c8285101f,docker-compose,dockerfile,,1,,,,,,,,,,,,,,,,,,,
14901,1663117/docker-zulip,5748d900f2efe3073f5b9cf508423525c459c55e,docker-compose,dockerfile,,,,,,,,,,,,,,1,,,,,,,
53979,9667359/opencollective-api,29b70ca99e0bf082eefe0198b8a74de48b429648,docker-compose,dockerfile,,1,,,,,,,,,,,,,,,,,,,
25911,2956332/dokomoforms,69621428940aee19809520be9cfa3b8c306e22ae,docker-compose,dockerfile,,,,,,,,,,,,,,,,,,,,1,
28691,31921477/rss2kindle,1fbc9ec5cf7711908e07eddaeafc2a7cc67b6b43,docker-compose,dockerfile,,1,,,,,,,,,,,,,,,,,,,
78346,485526/nussknacker,04df71d8662d66067300b7395bf144d0e98fec52,docker-compose,dockerfile,,1,,,,,,,,,,,,,,,,,,,
59839,14498946/storer,712b35045067ed74aeb0da8b6d488e1d973c2d83,docker-compose,dockerfile,,,,,,,,,,,,,,,,,,,,,1
8224,12145125/national-voter-file,061d5fb2a0898dbe03b39aa0ba10db426c6f8c54,docker-compose,dockerfile,,,,,,,,1,,,,,,,,,,,,,
24925,2873153/tensorbuilder,be41d3d23072df89d804a37d75318f701ef57c40,docker-compose,dockerfile,1,,,,,,,,,,,,,,,,,,,,
78505,5084100/dendrite,1bcb673e3c0d7bfe8551fd9ae2b4cce84a65e348,docker-compose,dockerfile,,1,,,,,,,,,,,,,,,,,,,
23214,266122/syncmysport-runkeeper,91bf92091c7d8640e56c91546d11f8941cbe64b7,docker-compose,dockerfile,,,,,1,,,,,,,,,,,,,,,,
65215,3089240/quasar_source,3b71e745600e5611e70676a73989202d8692e58e,docker-compose,dockerfile,,1,,,,,,,,,,,,,,,,,,,
30983,3693955/viaduct,a151d8de760fad1aa7b00c4fb4b62a5ba9a52503,docker-compose,dockerfile,1,,,,,,,,,,,,,,,,,,,,
84038,8571965/PyInvoice,a58bcb42a78dae84a6fab3bd817c5ad28cf22279,docker-compose,dockerfile,1,,,,,,,,,,,,,,,,,,,,
36822,5133245/izivi_relaunch,3e1c58fb81458394ef19235b904ab55585fcb61e,docker-compose,dockerfile,,,,,,,,1,,,,,,,,,,,,,
33514,4517457/courses,5b063724cf345336b291dbc7898ec005ce6be1f4,docker-compose,dockerfile,,,,,,,,,,,,,,,,,,,,,1
41601,64110/warehouse,4deb332ffaf570e7bb99b34675b2958185cc1213,docker-compose,dockerfile,1,,,,,,,,,,,,,,,,,,,,
19076,218202/featuring,c3aad5973d183e6f05e81da82778607861799d9b,docker-compose,dockerfile,,1,,,,,,,,,,,,,,,,,,,
74083,36740528/webmail,38b9543a62a903bea6f24bddf223772124d9b2e1,docker-compose,dockerfile,,,,,,,,,,,,,,,,,,,,1,
41323,63289/docker-rails,718767a81336294d4ce27b6b066e261ed1863933,docker-compose,dockerfile,,,,,,,,,,,,,,1,,,,,,,
41924,6515218/tipjar,f71d531bf02ced9d5e96c3de09a2317dddbaac85,docker-compose,dockerfile,,,,,,,,1,,,,,,,,,,,,,
7865,11973967/thumbroll,c443f63d5b74c7e2542ffd56f014e1d865cce17b,docker-compose,dockerfile,,,,,,,,,,,,,,,1,,,,,,
82834,7941965/morpheus,be64c4313744ffa615fd48c57cdf8007f9b1c4d0,docker-compose,dockerfile,,1,,,,,,,,,,,,,,,,,,,
82365,7709826/docker-nginx-image-proxy,874c64c68949474524f93684829a4aae974caa24,docker-compose,dockerfile,,1,,,,,,,,,,,,,,,,,,,
29672,3421662/gitlab-ce-zh,093caccedeb995431a607f40cdcafbee09bee9e9,docker-compose,dockerfile,,,,,,,,,,,,,,1,,,,,,,
70988,34608619/aleph,8a11b5afdab46f61e5c668bd7c857ece0d9434cf,docker-compose,dockerfile,,,,,,,1,,,,,,,,,,,,,,
25721,2916689/arethusa,bb03daf7020dea0728f9c342cfe6054003c94a72,docker-compose,dockerfile,,1,,,,,,,,,,,,,,,,,,,
2431,10511967/oss-dashboard,eba62e6692c289a53434fdcf0ade6bd72b212f0c,docker-compose,dockerfile,1,,,,,,,,,,,,,,,,,,,,
48853,8194998/sdh-platform,78e46e701dd08975d8614052181994f11a195641,docker-compose,dockerfile,,,1,,,,,,,,,,,,,,,,,,
80461,6758750/flindt,73cb511502c28a129edd182d0cb0aa7bdab5e958,docker-compose,dockerfile,,,,,,,,,,,1,,,,,,,,,,
6426,11483752/Streamer-Spring-Cloud-Config-Server,6cc1764c2daadcb4556972273cb24fc4883d3b9f,docker-compose,dockerfile,,1,,,,,,,,,,,,,,,,,,,
44344,6993404/muon-java,dc28f7a5f6c63cba25721e2e209480449a098048,docker-compose,dockerfile,,1,,,,,,,,,,,,,,,,,,,
2623,10612409/rest-api,319f70ab195f8e8ac9548d68cb90f40e77572b80,docker-compose,dockerfile,,1,,,,,,,,,,,,,,,,,,,
47398,785268/lazybones-experiment,8deacc21a77258478d7dc45e40bb0f8e57ea68cd,docker-compose,dockerfile,,1,,,,,,,,,,,,,,,,,,,
46538,7521604/gippy,6db85984d8c9eae42ffd3bd8f9a940e7c031102e,docker-compose,dockerfile,1,,,,,,,,,,,,,,,,,,,,
31551,3803762/RTM,3e6866776a8d406b2b6d0d53bcc0d1f3b73a3359,docker-compose,dockerfile,1,,,,,,,,,,,,,,,,,,,,
20546,2405405/myvbc,2770fa29dc71cae8abb2904700eeb0b37b9d2d9c,docker-compose,dockerfile,,1,,,,,,,,,,,,,,,,,,,
31094,3712897/LabLog,7d8c12e71ef87382ee0568f94b54ea31d159cfbf,docker-compose,dockerfile,1,,,,,,,,,,,,,,,,,,,,
6877,1166368/aeonvera-ui,1d939264f78dbc29427965ddd82a357d925d974a,docker-compose,dockerfile,1,,,,,,,,,,,,,,,,,,,,
33712,4573151/AspNetCoreSpa,ed7239312e2c4c277d7a63407918ba8158753f89,docker-compose,dockerfile,,1,,,,,,,,,,,,,,,,,,,
84602,9116993/SmartFact,d8b7f0f38c651f177f2613fb1099d9fc87fa0ee8,docker-compose,dockerfile,1,,,,,,,,,,,,,,,,,,,,
23785,2732948/AFDG,af307c0bff05856ef0f2fd303e4e85ac4910dada,docker-compose,dockerfile,,,1,,,,,1,,,,,,,,,,,,,
52674,9296340/SidewalkWebpage,fd088aa1862e2ac13935e5bfbf7c9b0f39978fcd,docker-compose,dockerfile,,1,,,,,,,,,,,,,,,,,,,
64007,2873153/phi,4f8a41e13bea6b6ca2eb935de815398cb8660451,docker-compose,dockerfile,,1,,,,,,,,,,,,,,,,,,,
8666,12301919/supergiant,fae4b5be3ea20526572083459ca03330d99b8a53,docker-compose,dockerfile,,,,,,,,,,,,,,,1,,,,,,
26212,3012012/points-extraction,a4d4389b0686b59301060c83e9f564a76a24d503,docker-compose,dockerfile,1,,,,,,,,,,,,,,,,,,,,
3252,10860098/bandiera,06ada94534f2beba7776e12cd8308c3968cc899e,docker-compose,dockerfile,,,,,,,,,,,,,,,,,,1,,,
6766,11626129/patroni-docker-boshrelease,ad89b5cb17c5577c05e2e5aa24bf79d8e875acc6,docker-compose,dockerfile,,1,,,,,,,,,,,,,,,,,,,
19276,2186/MozDef,ed82c775661ae6ee0398a40641028e57425ea92e,docker-compose,dockerfile,1,,,,,,,,,,,,,,,,,,,,
76065,38676675/soa,001be67f8bc424740af068b0212f33231cb351b0,docker-compose,dockerfile,,,1,,,,,,,,,,,,,,,,,,
20047,2326433/tmake,1a1e612b49a19050e494cba0d28ac4ae858f155e,docker-compose,dockerfile,,1,,,,,,,,,,,,,,,,,,,
18348,2059451/rom,96648ed9f2ec60223bfb7ac2aad3e126e0cea07c,docker-compose,dockerfile,,1,,,,,,,,,,,,,,,,,,,
67167,3232225/docker-build-env,10cba7d5d15a2153647c3a0e2745d9a8b60d6855,docker-compose,dockerfile,1,,,,,,,,,,,,,,,,,,,,
80713,7253088/dila,db954ea32439100552f7efcc529bfcc4d43da640,docker-compose,dockerfile,,1,,,,,,,,,,,,,,,,,,,
7204,11699622/hav,34794045a7c3977e59aa32662bb8a73987a38d4a,docker-compose,dockerfile,1,,,,,,,,,,,,,,,,,,,,
14555,163350/sling-adaptto-2016,ff6b7693fd946e186fbf9e34355177dc67dc54b6,docker-compose,dockerfile,,1,,,,,,,,,,,,,,,,,,,
50367,8445483/scraper,cfd6805dccef485afd41f6fe45c7a9815bf49ad8,docker-compose,dockerfile,,1,,,,,,,,,,,,,,,,,,,
1806,1031471/propeller.mvc,9d51fa2b7c6332ee30ec11e5525a695361e0bf26,docker-compose,dockerfile,,1,,,,,,,,,,,,,,,,,,,
2688,10620619/synergic-ui,4833c8c517a4c1c549ce50de6dd90cea2f99ad19,docker-compose,dockerfile,,1,,,,,,,,,,,,,,,,,,,
82357,7709826/ajenti-udock,3255edcd279941d51e8903b35310c4ff3fc9b250,docker-compose,dockerfile,,1,,,,,,,,,,,,,,,,,,,
31358,3772787/WebODM,6709a2c27017fa8adcd712d39705f74acdfac382,docker-compose,dockerfile,1,,,,,,,,,,,,,,,,,,,,
55097,10675405/CentralTrafficLightManagement,3c5e7c234234af028a2e2aaa2bd501ddaf5ef32c,docker-compose,dockerfile,1,,,,,,,,,,,,,,,,,,,,
29586,3421662/gitlab-ce-zh,b716379973b4cc28e6b1f3ead0f092da716836e5,docker-compose,dockerfile,,,,,,,,,,,,,,1,,,,,,,
27095,3043603/inspire-next,76610f1d53e3d76b4e3ad32e672c216c71fb67fd,docker-compose,dockerfile,,1,,,,,,,,,,,,,,,,,,,
56895,12227941/in-memory-list,139e89eafd1e2f0dfcb576737703cc72c2a52c38,docker-compose,dockerfile,,,,,,,,,,,,,,,,,,1,,,
23357,2683290/docker-elk,aa06a825eb3c8e8dafa97ecb6276b327376003df,docker-compose,dockerfile,,,,,,,,,,,,,,,,,,,,1,
24501,2823113/go-gin-wrapper,44771bd5021a430764706377a98cb9f0eeb16fe7,docker-compose,dockerfile,,1,,,,,,,,,,,,,,,,,,,
5615,11434407/pyaddepar,6ace79f6966ab1f2b234ca38bb88a4c80fabc94b,docker-compose,dockerfile,,,,,,,,,,,,,,,,,,,,1,
78810,527944/esgf-docker,8a305a4489e9a84a1f452fcd6eecac3214ca0719,docker-compose,dockerfile,1,,,,,,,,,,,,,,,,,,,,
69756,33825097/viestinta,f199e9e88756e1a9920d201315fd72e498153f7e,docker-compose,dockerfile,1,,,,,,,,,,,,,,,,,,,,
13058,150350/Jotunheimr,22b586798376c3fc6d10e10044885de284142d2f,docker-compose,dockerfile,,,,,,,,,,,,,,,,,,,1,,
53307,9436994/thredded,154cb8f732af60dc5d9b9fa197bff3dd720d352a,docker-compose,dockerfile,1,,,,,,,,,,,,,,,,,,,,
83423,8111662/ng_userxp,c9125c91ce9780183eccc1f71334a7ac65b6a5e1,docker-compose,dockerfile,1,,,,,,,,,,,,,,,,,,,,
42787,6691/cloud-brain,86466ce20de562287e7cd016eddf5d42afced45a,docker-compose,dockerfile,,,1,,,,,,,,,,,,,,,,,,
40338,60628/homeland-docker,ecaadacb94edd4217ab2b922cc9b924de6440bc9,docker-compose,dockerfile,,,,,,,,,,,,,,,,1,,,,,
71580,35106331/EagleEye-ScriptLogPlatform,8e516783bc2ed74d5d054d8b36649aa7d9aa7424,docker-compose,dockerfile,,,1,,,,,,,,,,,,,,,,,,
21803,2513717/PackageGenerator,6e541f884779bff025ecefac74987286aac35915,docker-compose,dockerfile,,1,,,,,,,,,,,,,,,,,,,
77184,427318/docmag,d0579b792c687a8cc84c6f0283633dad460972a4,docker-compose,dockerfile,1,,,,,,,,,,,,,,,,,,,,
20575,2412058/blimp-cockpit,dc64db30e8afb939ea52af8aa21cd0b7cbad07a8,docker-compose,dockerfile,1,,,,,,,,,,,,,,,,,,,,
1736,10287804/spring-angular2-starter,6fb1140a7252939b8ce21feb33a940a38d1df293,docker-compose,dockerfile,1,,,,,,,,,,,,,,,,,,,,
31569,3812767/open-moulinette,28e001b676068ab7aed9ece27d55df0426b4e835,docker-compose,dockerfile,1,,,,,,,,,,,,,,,,,,,,
9644,1310397/MockResponse,411222b807c5741a0259c7fc2ff06b43d10208a7,docker-compose,dockerfile,,,1,,,,,,,,,,,,,,,,,,
58071,13718349/eta,d288f6d81d6565c5080179ae26146cfc2e24c072,docker-compose,dockerfile,,1,,,,,,,,,,,,,,,,,,,
17497,1972929/joomla-pythagoras,fec79b0f168c7cc85e1b6f086d0ad0a479ece54b,docker-compose,dockerfile,,,1,,,,,,,,,,,,,,,,,,
399,10070448/webrecorder,a4708a910556d146c8e56e65765ec93ab552fe57,docker-compose,dockerfile,,,,1,,,,,,,,,,,,,,,,,
80644,706667/modproject,4b190a5846f1ff7622c98f04ba94bc696aecdd55,docker-compose,dockerfile,1,,,,,,,,,,,,,,,,,,,,
32850,4386707/ccxcon,a999c12d80e5cbc3e3dd00140aa2f0c3ad2edae5,docker-compose,dockerfile,,1,,,,,,,,,,,,,,,,,,,
42878,6722602/buildkite-cloudwatch-metrics-publisher,8a57b7ab950fb12c6d8c7a8ebf4da321615f2f63,docker-compose,dockerfile,,1,,,,,,,,,,,,,,,,,,,
37398,547071/starter-public-edition-4,7deae6d584edb193fad910feea3e6cef28ab5b7f,docker-compose,dockerfile,,,,,,,,,,,1,,,,,,,,,,
6823,116358/OIPA,44ca496cc462716044683fd026ce7094f30ddc86,docker-compose,dockerfile,,1,,,,,,,,,,,,,,,,,,,
41750,64335/sneakers,4103cb9c0a09bc89e369050a59dfe0d401955d15,docker-compose,dockerfile,1,,,,,,,,,,,,,,,,,,,,
9465,130601/listenbrainz-server,47eb7a96fba43a7eb04197021714596ce8198a75,docker-compose,dockerfile,,,1,,,,,,,,,,,,,,,,,,
12826,14498946/web,df6d6ff03aba7763c104fea1ca702eac3954f33e,docker-compose,dockerfile,,,1,,,,,,,,,,,,,,,,,,
69405,33776579/transtats,3f5a93169e1699373bf83d0a3f14ef9ab6ffac0e,docker-compose,dockerfile,1,,,,,,,,,,,,,,,,,,,,
33244,442593/kata,e1f7a56dda82df4425a876df0b6b74edb1b57abd,docker-compose,dockerfile,,1,,,,,,,,,,,,,,,,,,,
38100,560206/verboice,9e1d6aaabe6284bcd565f9391024e9c5417bbc71,docker-compose,dockerfile,1,,,,,,,,,,,,,,,,,,,,
3116,1076179/address-boss,c7f69076c5b56e7fe20a50f44eb3309373064b9f,docker-compose,dockerfile,1,,,,,,,,,,,,,,,,,,,,
1876,10369230/popcode,fcf54625dc24eb3a68771c19b897da3a34b2c0b9,docker-compose,dockerfile,,,,,,,,,,,,,,,,1,,,,,
71695,35210485/zimfarm,521e28ec32d7506ef1745cebd302f32fbe0546ba,docker-compose,dockerfile,1,,,,,,,,,,,,,,,,,,,,
33984,4686130/indielangs,35ccfe69a2e9c54e76eddceb052663006d44bf71,docker-compose,dockerfile,,1,,,,,,,,,,,,,,,,,,,
6061,1146/MozDef,67c92b592e6548ea79cbf63337d670d38f535001,docker-compose,dockerfile,1,,,,,,,,,,,,,,,,,,,,
31156,37289/ovation-webapi,5b803e152bdf61d2eb4c737b16ef748d2795ac2a,docker-compose,dockerfile,1,,,,,,,,,,,,,,,,,,,,
51768,884879/sandbox-todo-app,14615b93ea7c4a040d53a0aae8d87b71af17ab04,docker-compose,dockerfile,,1,,,,,,,,,,,,,,,,,,,
2601,10606682/womenrising,a3c149a220cd8bdd19aa0ff77b0cb459d3dd2211,docker-compose,dockerfile,1,,,,,,,,,,,,,,,,,,,,
36782,51270/wetty,616ba39386d3004c38840df1a89238603462ab44,docker-compose,dockerfile,1,,,,,,,,,,,,,,,,,,,,
27622,30957/kivy-server,38c0d26c7bef620a310316e87512086a6fe95683,docker-compose,dockerfile,,,,,,,,,,,,,,,,1,,,,,
66981,32196466/echo-bot,abc4b0d5b8e61e5aeeb59a7ad54ce00bb2177ebe,docker-compose,dockerfile,,1,,,,,,,,,,,,,,,,,,,
82332,7692560/ibis,5b083cf1508a23b791c7d0e89ce7db2036777e03,docker-compose,dockerfile,1,,,,,,,,,,,,,,,,,,,,
31260,3761/ezpublish-docker,b89b0b27cc9a430ed3e453185162aed72ab52f96,docker-compose,dockerfile,,,1,,,,,,,,,,,,,,,,,,
1872,103654/popit_ng,b25de7a8115405728f1d2b12bed7c90b312f636a,docker-compose,dockerfile,,1,,,,,,,,,,,,,,,,,,,
5612,11434407/pyaddepar,e43faacd98729826e5e0f0275ebc5f536998e859,docker-compose,dockerfile,1,,,,,,,,,,,,,,,,,,,,
75710,3829045/RapBot,08875cde43aceaeb0e12a2211decddbd3c6f7c4a,docker-compose,dockerfile,,,1,,,,,,,,,,,,,,,,,,
80103,6624956/Squidwarc,efaf54fa5b6f010965ae854e27bb35195e6a3bf4,docker-compose,dockerfile,,1,,,,,,,,,,,,,,,,,,,
56391,12045284/nap,4b5f6216c540f1eb926f02c5ee52f821fd2678a7,docker-compose,dockerfile,1,,,,,,,,,,,,,,,,,,,,
5356,113872/akvo-dash,6a3ba1089f5cde04aad5d5321d98197dafdeb258,docker-compose,dockerfile,1,,,,,,,,,,,,,,,,,,,,
49845,8317577/datavault,56a891e00d6de622ee33787a56da6f90a5c5afbf,docker-compose,dockerfile,,,1,,,,,,,,,,,,,,,,,,
85263,9623175/neohabitat,c6e6e49d508cea80799154ceaf8d1bf17632f2d8,docker-compose,dockerfile,1,,,,,,,,,,,,,,,,,,,,
65070,3089240/quasar_source,afa045b8bf58b6ee293000914045377f26e7ab7d,docker-compose,dockerfile,,,,,,,,1,,,,,,,,,,,,,
55567,1111670/ansible_customer,8957b643b196c2492543338703e795ac14b73d7e,docker-compose,dockerfile,,1,,,,,,,,,,,,,,,,,,,
74604,37420273/missioncontrol,deebdab36a3f9f15cff9e2f0f95b31ddab35aeed,docker-compose,dockerfile,,1,,,,,,,,,,,,,,,,,,,
62797,2459782/osbs-box,f9817354766389db315b9cd7a20f6a6c07f34b0b,docker-compose,dockerfile,1,,,,,,,,,,,,,,,,,,,,
69989,3388353/mean-docker-compose,1a7440f13e70250da2b97ac26dbe4500d674c68c,docker-compose,dockerfile,1,,,,,,,,,,,,,,,,,,,,
83444,8111662/ng_userxp,82aeffaa35b55ebbe6dad13e39744f210f6ba331,docker-compose,dockerfile,1,,,,,,,,,,,,,,,,,,,,
31572,3812767/open-moulinette,c666b8278fd624b19cfcf215af1568de45d60f1b,docker-compose,dockerfile,,1,,,,,,,,,,,,,,,,,,,
60754,1806667/snappy,f4e80c75ff1593f7365eaf449c64bb907f8d3a03,docker-compose,dockerfile,,,,,,,,1,,,,,,,,,,,,,
31991,396686/Chavah,4da31b7a74e6b546cc7e56d174ca0dd529d88223,docker-compose,dockerfile,1,,,,,,,,,,,,,,,,,,,,
14765,16626781/amadeuslms,b2f099b91c37fa300a6fc17078c86ecec3134ff4,docker-compose,dockerfile,,,,,,,,,,,,,,,,1,,,,,
37657,54788/raster-foundry,61224bf544a837e816598e349869292fe0c0cacd,docker-compose,dockerfile,,,,,,,,,,,,,,1,,,,,,,
29707,3421662/gitlab-ce-zh,6a602a1aa8b2805f63f61f40de1e9a64b6181000,docker-compose,dockerfile,,,,,,,,,,,,,,1,,,,,,,
26475,301703/segugio,c12feca039d5f48716507819a6c7a233d9547d8c,docker-compose,dockerfile,,1,,,,,,,,,,,,,,,,,,,
55310,1085511/java-data-structures,360cf6057beda8ec788ea0fb2295ecfeea4df214,docker-compose,dockerfile,,,,,,,,1,,,,,,,,,,,,,
51045,8703463/Django-ReactJS-Library-App,8330f9de5657e788747402dad65cf83fb1be0f59,docker-compose,dockerfile,,,1,,,,1,,,,,,,,,,,,,,
38213,5618371/okcandidate,128897c71cd9532040501ca737fcb8dedf8279ad,docker-compose,dockerfile,,1,,,,,,,,,,,,,,,,,,,
19109,218214/d-apache,4cbb68d5983aa976a78ba334896bb6e5c10ee5b9,docker-compose,dockerfile,1,,,,,,,,,,,,,,,,,,,,
9303,1285570/node-cqrs-framework,cff6b3602a2ff23fe7175904efec16d1052cf080,docker-compose,dockerfile,,1,,,,,,,,,,,,,,,,,,,
1214,10128916/bgt,94dece3cce9f1a0e08babd9c49094e87a4d93d3f,docker-compose,dockerfile,1,,,,,,,,,,,,,,,,,,,,
31324,3765155/reformedacademy,5f5fe422cf2086147e27a386d486d89a25774402,docker-compose,dockerfile,,1,,,,,,,,,,,,,,,,,,,
29313,3387106/alpinepass,6b637b35e1dd521175657a0125e745b4de073723,docker-compose,dockerfile,,,,,,,,1,,,,,,,,,,,,,
70900,3452732/oada-srvc-docker,c5a7e34af6485b14c091e26f0ee6797aaa33b094,docker-compose,dockerfile,,1,,,,,,,,,,,,,,,,,,,
50615,8559313/hapi-es6-auth,632b032e34fa972d63724fb01d02f81d6fbc8c4d,docker-compose,dockerfile,,,,,1,,,,,,,,,,,,,,,,
11819,137973/seabase,bd5bc768b1c4e0b9893ba7ca43ad17c6362b0588,docker-compose,dockerfile,1,,,,,,,,,,,,,,,,,,,,
30357,3531083/HomoChecker,2dc4d10ac0f4b5c2b9f9228e7e9d8fb7a166f137,docker-compose,dockerfile,,1,,,,,,,,,,,,,,,,,,,
41666,64110/warehouse,116962abc6437c35056f3fb4c9c0a66fca6c2790,docker-compose,dockerfile,1,,,,,,,,,,,,,,,,,,,,
364,10070448/webrecorder,72d1597660cc3622eba8497a2b0a47aa12b68f4a,docker-compose,dockerfile,1,,,,,,,,,,,,,,,,,,,,
5260,1133553/cambridge_energy_app,187b07960ac0f34d93cddf2c700795c497e942d9,docker-compose,dockerfile,,1,,,,,,,,,,,,,,,,,,,
84355,8979781/uprise-app,88208a8409201d3af48ce82e0744d8526df369e6,docker-compose,dockerfile,,,,,,,,,,,,,,,,,,,,1,
31870,3938481/angular2-webpack-starter,92ee79cdce632b33c1045c44998fab4edf0d1f3d,docker-compose,dockerfile,,1,,,,,,,,,,,,,,,,,,,
78131,472755/cas-security-spring-boot-starter,bd796d6ffea90062d570da0c2730d7d7302da526,docker-compose,dockerfile,,,,,,,,,,,,,,1,,,,,,,
6526,11553926/yart,5e9d174531c34475aaa06f2e3316f0e110f1c72e,docker-compose,dockerfile,,1,,,,,,,,,,,,,,,,,,,
78290,485526/nussknacker,5b413ffd7f3184f277a402bb4810f3c933f90c1f,docker-compose,dockerfile,1,,,,,,,,,,,,,,,,,,,,
43195,67546/browbeat,1a03d17fbbcdb367fec65952d5f7d59c74077f85,docker-compose,dockerfile,,1,,,,,,,,,,,,,,,,,,,
13563,1541313/angular2-wordpress-portfolio,f3ef0dfecd67ad983e84f3cfd9543f2e54d78446,docker-compose,dockerfile,1,,,,,,,,,,,,,,,,,,,,
2428,10511967/oss-dashboard,86026fd3bb219a3a0f86f102b0ce670518fea9a4,docker-compose,dockerfile,,,,,,,,,,,,,,,,,,,,1,
46461,7483486/codepot-backend,1b2000420b8bc0d98163e76c334bf05210f51f6d,docker-compose,dockerfile,,,,,,,,,,,,,,,,,,1,,,
74394,370824/nav,bcaf9eaf8ee88723b08f340e4e73891e4f783f7d,docker-compose,dockerfile,,1,,,,,,,,,,,,,,,,,,,
76723,3943217/cds-videos,9e071d21bfe809f76a62f889a117246f039331a7,docker-compose,dockerfile,1,,,,,,,,,,,,,,,,,,,,
60845,184400/rpi-radio-player,eaebbf073c52f2babe3c3aa4dc4cfccf835c86df,docker-compose,dockerfile,1,,,,,,,,,,,,,,,,,,,,
56879,1221569/prest,f5bd547a1ea75a88c9f192db29ec5caa27d5fa47,docker-compose,dockerfile,,,,,,,,,,,,,,,,,,,,1,
20996,24544968/openwhyd,62764d2ae6130c126c7b515234ef5d2b6ce13970,docker-compose,dockerfile,,,,,,,,1,,,,,,,,,,,,,
19316,2188608/Oneline,611f82345106797bf3ebc4b9c5965750dd323f3a,docker-compose,dockerfile,,1,,,,,,,,,,,,,,,,,,,
59884,14498946/storer,017e6f2b70e0fc58e5e0b48c220595b67a253906,docker-compose,dockerfile,,,,,,,,,,,,,,,,,,,,1,
42934,6728243/autologin,bba59987c6d0a15602d561b9724d1a21e9a6b090,docker-compose,dockerfile,1,,,,,,,,,,,,,,,,,,,,
3878,110530/quran.com-api,9e0d9415e929e889a14ee81f297082e1400fb452,docker-compose,dockerfile,1,,,,,,,,,,,,,,,,,,,,
18394,2060022/patroni-boshrelease,ad89b5cb17c5577c05e2e5aa24bf79d8e875acc6,docker-compose,dockerfile,1,,,,,,,,,,,,,,,,,,,,
65981,3156306/comment-sidecar,d940d0ec032236387c2101f453f409c3afcfef9e,docker-compose,dockerfile,,,,,,,,,,,,,,,,,,,,1,
18770,2128215/rematch,7c42148843eb6ca9a851e8d2573f63ee3915b84d,docker-compose,dockerfile,,,,,,,,1,,,,,,,,,,,,,
22286,2562011/spatialconnect-server,18dc5a492262f8c7d26cf86e33e49425893a63d6,docker-compose,dockerfile,,,,,,,,,,,,,,,,,,,,,1
70430,34354837/play-with-docker,755e3c77078d08fe741d9c1272afcf7c5f8f97f5,docker-compose,dockerfile,,,,,1,,,,,,,,,,,,,,,,
44919,7113/developer-portal,65553a109b874f7798266e03ad36321185e4a8c5,docker-compose,dockerfile,1,,,,,,,,,,,,,,,,,,,,
31900,3943503/sqat,ce2f1bae83f3786e868fda907923bfd6c451cb8e,docker-compose,dockerfile,1,,,,,,,,,,,,,,,,,,,,
32226,41617/jaeger-client-java,4e21a6ef26356a53e4aa5d3ed8edc86330acbbc7,docker-compose,dockerfile,,1,,,,,,,,,,,,,,,,,,,
72216,35430001/gtd-util,b6b9f3076036b3d66f953767b9b6387ac11a8c50,docker-compose,dockerfile,,1,,,,,,,,,,,,,,,,,,,
25982,2977002/quality-time,70467beb99a2c79e28c7a74b9a166dc2af0e5795,docker-compose,dockerfile,,,1,,,,,,,,,,,,,,,,,,
27116,3043698/ReactiveTraderCloud,290fc95d3f63e21d239e768b29b402b6cefa9b48,docker-compose,dockerfile,,,1,,,,,,,,,,,,,,,,,,
3034,10714188/Karhu,cb0d1b22ed1fc6a60a59c351b87d98a56f5384a8,docker-compose,dockerfile,1,,,,,,,,,,,,,,,,,,,,
62397,2232995/isc,c7b963d356a7156ab853dcf882cfb8d85c83152f,docker-compose,dockerfile,,1,,,,,,,,,,,,,,,,,,,
22082,2518363/jk-demainilpleut,0d7bfc95daf4e7e894c6e8970b6ee0950b056137,docker-compose,dockerfile,,,,,,,,,,,,,,,,,,,,1,
15274,168733/build-a-saas-app-with-flask,a23903676ec470e0aafbdb8663d3c70e64af09f8,docker-compose,dockerfile,1,,,,,,,,,,,,,,,,,,,,
48256,8065911/hypercli,dd7436c832a5dd777d0276c3e3b1819062b86ebc,docker-compose,dockerfile,,,,,,,,1,,,,,,,,,,,,,
4025,11091938/GroupButler,1722ec66e53e9317cc30d770e18a9217e53527bd,docker-compose,dockerfile,,1,,,,,,,,,,,,,,,,,,,
33836,4603217/swift-helloworld,3e8185a7fa628542087a957bad28e3b01597b5c7,docker-compose,dockerfile,,,,,,,,,,,,,,1,,,,,,,
15861,177106/biosamples-v4,c803ffd12ce30591d8ce7ce725f27251d2d3fa29,docker-compose,dockerfile,,1,,,,,,,,,,,,,,,,,,,
37406,54788/ashlar,1ecd93a5faee9174438672e830c09184c1eedd63,docker-compose,dockerfile,1,,,,,,,,,,,,,,,,,,,,
52582,923182/libsacloud,a55d2a548978fd14b15b72ea13e874ec1ad061f8,docker-compose,dockerfile,,1,,,,,,,,,,,,,,,,,,,
51702,88105/nrod,5a4a13ae73e3a8d5a132d728b5eb23e20c7c4f56,docker-compose,dockerfile,1,,,,,,,,,,,,,,,,,,,,
15383,171757/activeadmin_settings_cached,64a713bbd157261f67e0e27e2587e5b4bdd36cd7,docker-compose,dockerfile,,1,,,,,,,,,,,,,,,,,,,
31646,3869109/OpenBazaar-Server,953712205a6caae99db0ec54f0079bbd8e71ac01,docker-compose,dockerfile,,,,,,,,,,,,,,,,,,1,,,
66115,31784941/cobweb-django,593434d7ec0b51e783bde1e5665219cd282fedf3,docker-compose,dockerfile,,1,,,,,,,,,,,,,,,,,,,
45759,7302222/nxfc,009539fac62f5d4785f1d1a224bad45751bb6ca7,docker-compose,dockerfile,1,,,,,,,,,,,,,,,,,,,,
39825,582265/next.filmfest.by,950c8a434d98751ff883f9b26a975777b450cc89,docker-compose,dockerfile,,,,,,,,1,,,,,,,,,,,,,
59823,14498946/storer,25ebd0c9f07cc0f45cc100133d2f0405f29d59aa,docker-compose,dockerfile,1,,,,,,,,,,,,,,,,,,,,
56207,11792790/GRE3000,1616f67c92a2289ee35ea6bde871e3ffb7352443,docker-compose,dockerfile,,,,,,,,,,,,,,,,,,1,,,
34099,47277/contraq,87f44e4c1709cad4c79203d91b20c766873f7a86,docker-compose,dockerfile,1,,,,,,,,,,,,,,,,,,,,
33353,4461961/finance,5f046acf87521d84c36b12aef5230245e05e8cfc,docker-compose,dockerfile,,,,,,,,1,,,,,,,,,,,,,
83921,8471616/piikki,a7c747f908e3b2ec0ffe1387d5b5352bb3054d8e,docker-compose,dockerfile,,1,,,,,,,,,,,,,,,,,,,
21296,2484863/blog.alejandrocelaya.com,14f2e946de632e93ce762a6e7711ddd01b9f8085,docker-compose,dockerfile,,,,,,,,1,,,,,,,,,,,,,
62906,2465568/bookmark-notes,c0f8bcd88124968b112a8cee818b1f83c9b5a434,docker-compose,dockerfile,,,,,,,,,,,,,,,,,1,,,,
45519,720739/dungeon,0ca5a64dacf0113b54018b85049becd53c4891ab,docker-compose,dockerfile,1,,,,,,,,,,,,,,,,,,,,
29625,3421662/gitlab-ce-zh,b328d19176370346be95a88b915becadf887dffc,docker-compose,dockerfile,,,,,,,,,,,,,,1,,,,,,,
18352,2059451/rom-sql,e99ad37b149270d69d31fcc3728743d25b95e719,docker-compose,dockerfile,1,,,,,,,,,,,,,,,,,,,,
6163,1146/normandy,5400c2c8deeeeab1644ed714f5b018a367618c99,docker-compose,dockerfile,,1,,,,,,,,,,,,,,,,,,,
66454,31908912/bashbot,25bbb2809976363df6ac3661659c78de63662a88,docker-compose,dockerfile,,,,,,,,1,,,,,,,,,,,,,
80093,6624956/Squidwarc,9aff301a73a44c34dc4522bea735c6ade7734b68,docker-compose,dockerfile,,,,,,,,1,,,,,,,,,,,,,
51708,8818301/lnd,a93736d21ef0eb6731de06c9e812276f534b3d14,docker-compose,dockerfile,,1,,,,,,,,,,,,,,,,,,,
48078,79562/bugsnag-java,7db885c957274822b45872a404e2f882fd184e34,docker-compose,dockerfile,,1,,,,,,,,,,,,,,,,,,,
45834,7311039/muxi_site,976b78e4ad7d80986dfd1c0931947d98b7a78a7f,docker-compose,dockerfile,1,,,,,,,,,,,,,,,,,,,,
45492,7185797/velov-companion-server,25c697d8c01580f72f62981db3542466d00215b4,docker-compose,dockerfile,,,1,,,,,1,,,,,,,,,,,,,
7022,1167783/docker-otrs,5fd4bc3f3aa6affc28e2c10d750b02624e232f41,docker-compose,dockerfile,,,,,,,,1,,,,,,,,,,,,,
57723,1348215/pg_party,787a2c080f06e32358ecc9373db2e8a88d3c34f7,docker-compose,dockerfile,1,,,,,,,,,,,,,,,,,,,,
50501,8549678/hack-the-arch,25bfddb99e0ee3b0476fa06d9563b495ca8f6149,docker-compose,dockerfile,,,,,,,,,,,,,,,,,,1,,,
6316,1146/telemetry-analysis-service,64ffc75a855f03b15dd7943b39fd734deccc5523,docker-compose,dockerfile,,,,,,,,,,,1,,,,,,,,,,
71015,34608619/aleph,9ba532bb245e046e2a075f20fb1f3764fe8cbe75,docker-compose,dockerfile,1,,,,,,,,,,,,,,,,,,,,
18651,21051/dotfiles,d0dc06b9ef7e4b3233c140cd945225ebdb3cbc9e,docker-compose,dockerfile,1,,,,,,,,,,,,,,,,,,,,
37906,5519598/naxos,ca9963111af0642c9903e3af777fb002e8a299f5,docker-compose,dockerfile,,,,,,,,,,,,,,1,,,,,,,
5167,11308795/yarpc-go,61629201bf7a9a425d53112bed4499115dc6aee7,docker-compose,dockerfile,,,,,,,,1,,,,,,,,,,,,,
81772,7616497/MTC,223e45dfc1a0060f560b21f0f78f8246f2c3b5ae,docker-compose,dockerfile,1,,,,,,,,,,,,,,,,,,,,
72278,35458144/weacast,3897c4cdf8bfc07bd15e099c0296ce3600563ebf,docker-compose,dockerfile,,,,,,,,,,,,1,,,,,,,,,
76857,39755/umakadata,1fb2737025a21498e4cd2aea37b3a92fce8672a1,docker-compose,dockerfile,1,,,,,,,,,,,,,,,,,,,,
2385,10456602/osm2vectortiles,db7ce816e69f7502bbbf399a52ba2b564749b326,docker-compose,dockerfile,1,,,,,,,,,,,,,,,,,,,,
13876,1575591/CTFd,b6d54b9ee9447ba05ef452f87243199ae655df14,docker-compose,dockerfile,1,,,,,,,,,,,,,,,,,,,,
29534,3421662/gitlab-ce-zh,c4ba39e6b35d7091cb3438bf0dc27e7a572215a2,docker-compose,dockerfile,,,,,,,,,,,,,,1,,,,,,,
75565,38142804/ContinuITy,56457e5cd7f83b1af9398aa3f46c0ffc9f9e3930,docker-compose,dockerfile,1,,,,,,,,,,,,,,,,,,,,
2003,10395724/DomeGIS,cb9bc1af60711a46693dadb1b6e09d2ee2703fc7,docker-compose,dockerfile,1,,,,,,,,,,,,,,,,,,,,
13639,154662/camunda-bpm-cloud,3b7c5eb6faa4741314e42e3cc763fb8732fb1918,docker-compose,dockerfile,1,,,,,,,,,,,,,,,,,,,,
54630,10087361/BuBoard,a894d823e58fa48e64d9917506aa6d75e92d5dff,docker-compose,dockerfile,,,,1,,,,,,,,,,,,,,,,,
26194,30098/tee-io,185d019be9fa7ecd58a219a6fcfe94a69c2351d6,docker-compose,dockerfile,,1,,,,,,,,,,,,,,,,,,,
56442,12045284/nap,f0665e1f6e4cc7a61aa3dfaf38b8f6293c692c0b,docker-compose,dockerfile,,,,,,,,,,,,,,,,,,1,,,
78387,4903408/skeleton-docker-webapp,97e1699272875d0611157505a23258f75ffc9d62,docker-compose,dockerfile,,,,,,,,,,,,,,1,,,,,,,
33906,4638821/challenges,32167fe3c0c3b9072e4be586c821031d52d6333d,docker-compose,dockerfile,,1,,,,,,,,,,,,,,,,,,,
52498,91723/DotCi,3e9028f0033180de95fb46b3da01408dd833ceaa,docker-compose,dockerfile,,1,,,,,,,,,,,,,,,,,,,
54854,10317175/cauldron,400bb016575737c29472e1860e29d91dfe42955a,docker-compose,dockerfile,,,,,,,,,,,,,,,,,,,,,1
57727,1348215/pg_party,aab5e4e70b77dacaca2403f11e8e7e70ab3add2f,docker-compose,dockerfile,,,,,,,,,,,,,,,,1,,,,,
19278,2186/MozDef,764de944265d2e55ca4e8cd51cff16dddfbc8550,docker-compose,dockerfile,,,,,,,,,,,,,,,,,,,,1,
76492,38824277/projectindoorweb,fa3e899bd637507e1591a2edee24d6df1c765a61,docker-compose,dockerfile,1,,,,,,,,,,,,,,,,,,,,
65955,31493449/uclapi,b3872507e48bb82200290c3e4a9f98b6d75647eb,docker-compose,dockerfile,,1,,,,,,,,,,,,,,,,,,,
56593,12136289/nevercodealone,b04154f7bc0c7d6b105543a1ba0bf5c8f036ad7d,docker-compose,dockerfile,,,1,,,,,,,,,,,,,,,,,,
32754,437369/djedi-cms,91ef299e5f4678238184a9a4478fc6fce700ad49,docker-compose,dockerfile,,,1,,,,,,,,,,,,,,,,,,
41311,6260305/bookbrainz-site,08cca8211043188364eaaebd3111b922a91f3057,docker-compose,dockerfile,,1,,,,,,,,,,,,,,,,,,,
23971,2749065/GeositeFramework,2e75cf29e1ccf030ff16131f7a4ffeb7e9a856cc,docker-compose,dockerfile,1,,,,,,,,,,,,,,,,,,,,
30574,3569669/eq-survey-runner,24f3a89ea1657ea0d7dd4d775e5e336590cebc21,docker-compose,dockerfile,1,,,,,,,,,,,,,,,,,,,,
64456,30430550/goodwork,c2ecfad402fc219ee335a69ab29540a829173af4,docker-compose,dockerfile,,1,,,,,,,,,,,,,,,,,,,
2274,10456602/osm2vectortiles,7c7d2b5e0bdc1f3073ed079a61d68ff7eebec2ad,docker-compose,dockerfile,1,,,,,,,,,,,,,,,,,,,,
79084,5821501/musicloud,d7aafc14661820b5449e73e8aa0a299a61ab57c1,docker-compose,dockerfile,1,,,,,,,,,,,,,,,,,,,,
52055,904650/Lighthouse-Service,d0e2e60941fbc7af87f68d5f0612aba14410dc9d,docker-compose,dockerfile,,,,,,,,,,,,,,,,,1,,,,
18204,2049524/quantum,6ffe369e4ffb9bd09a8e171a9706a4fa670d4022,docker-compose,dockerfile,1,,,,,,,,,,,,,,,,,,,,
17455,1954261/municipal-data,4595d8fa3081f727060feb8781a2d0b8fc38e73f,docker-compose,dockerfile,,1,,,,,,,,,,,,,,,,,,,
32094,4041618/om,c5c7d0b729734d57db104fbc6a2bfe08e2684a53,docker-compose,dockerfile,,1,,,,,,,,,,,,,,,,,,,
41385,63289/docker-rails,c10f34981d5dd2f86e1b1f97e11c95704f6114f6,docker-compose,dockerfile,1,,,,,,,,,,,,,,,,,,,,
32652,43404/fiware-orion,c810a8c654024e1eff1132e18ce56cbf6dd5f857,docker-compose,dockerfile,,1,,,,,,,,,,,,,,,,,,,
73786,36511656/tania,d9caf314a26b683180b599f7489cc09117fd03ef,docker-compose,dockerfile,,1,,,,,,,,,,,,,,,,,,,
69421,33797324/semitki,d20ed2b910481da0e3b0526e5e52cc39a9c779e6,docker-compose,dockerfile,,,,,,,,,,,,,,,1,,,,,,
72230,35444554/pdf-service,13193a9de63104d18246387fc4f81e8a15e5a895,docker-compose,dockerfile,1,,,,,,,,,,,,,,,,,,,,
62505,2347456/docker-bio,2ab1fdb4efbaf7e36bfe71ace9b13b46063869f3,docker-compose,dockerfile,,,,1,,,,,,,,,,,,,,,,,
7049,11693976/dbt,da2d7ea8c0eebcd1fc49e3e22cd1674d6727ff42,docker-compose,dockerfile,,1,,,,,,,,,,,,,,,,,,,
13103,150350/sherpa-prod,4ebdde6b9a8608c7327cd65e89a3185c2f4e4bbc,docker-compose,dockerfile,,,,,,,,1,,,,,,,,,,,,,
25748,29390/landsat-util,b546c761e446664ebc16bc17a0077a0b57c6269b,docker-compose,dockerfile,,1,,,,,,,,,,,,,,,,,,,
54849,10297643/testcube,4bfa03bb838f95819f67d5159f14bd00b97801e8,docker-compose,dockerfile,,1,,,,,,,,,,,,,,,,,,,
66706,32100900/idseq-web,5fdd53b08471d74a34e2127624eed2cee98575fa,docker-compose,dockerfile,1,,,,,,,,,,,,,,,,,,,,
14600,163350/sling-adaptto-2016,0155e32cc031cf21c844db43bb1148d707cd9a5d,docker-compose,dockerfile,1,,,,,,,,,,,,,,,,,,,,
11721,13699164/nextcloud.com,e03b68b56b65aa8e712698fdf7966404a48b9d74,docker-compose,dockerfile,,1,,,,,,,,,,,,,,,,,,,
10059,13335221/ISOC,55b107b1deb40de46ea54074c1d76d3e520dbafa,docker-compose,dockerfile,,1,,,,,,,,,,,,,,,,,,,
32875,4386707/lmod_proxy,af5c24cbbeeb1cf9a795bc56538b532e3e695541,docker-compose,dockerfile,,1,,,,,,,,,,,,,,,,,,,
60632,168860/seedbox,e4b91d456e8c6800aa4d0ba81d8416fa7b18341e,docker-compose,dockerfile,1,,,,,,,,,,,,,,,,,,,,
72928,357940/rumors-api,245e60dea5981e34cd0ea2dd56c8434005e568a9,docker-compose,dockerfile,,,,,,,,,,,,,,1,,,,,,,
61412,1971469/knex,4bcd3a04a6719f86c0f72ba0e6a9d87e7baa1e93,docker-compose,dockerfile,1,,,,,,,,,,,,,,,,,,,,
37377,5454845/aDTNPlus,9387bbdfa90c25dee06f12f016a7a24ec87b2ac5,docker-compose,dockerfile,1,,,,,,,,,,,,,,,,,,,,
73782,36511656/tania,49d22910083ee755247fc8626d962a9d12fdb641,docker-compose,dockerfile,,1,,,,,,,,,,,,,,,,,,,
57835,13540552/mastodon,48d66a205567f7a3d59ce21eb024e11b5eb18b75,docker-compose,dockerfile,,,,,,,,,,,,,,,,,,1,,,
40363,60628/homeland-docker,e75cecd6682d3b5153c442cdaf91d3b4871b6796,docker-compose,dockerfile,,,,,,,,,,,,,,,,,1,,,,
77547,4386707/odl-video-service,1e9c5d07ca07b267617cc472c2d5fb435adf52b2,docker-compose,dockerfile,,,,,,,,,,,,,,,1,,,,,,
5344,11387004/goohs,82acc502b06abaa2610330a1b7f6c6bae2fbe13a,docker-compose,dockerfile,,1,,,,,,,,,,,,,,,,,,,
65833,31364734/name-sdk,62bcc54f6f5205cd2035db9f3ba6185714bbb6fc,docker-compose,dockerfile,,1,,,,,,,,,,,,,,,,,,,
57869,13646823/wemake-django-template,7882bcf89ad10d88f6624fc1d9b9ab7822175f0a,docker-compose,dockerfile,,1,,,,,,,,,,,,,,,,,,,
77854,456148/angular-contacts-app-example,dcdc0ee1edfd4ad1b8429bf660608170e58df3f1,docker-compose,dockerfile,1,,,,,,,,,,,,,,,,,,,,
77914,4638424/ceron-analyze,179cd836ae8d771a8f88975bf5608f470e011a6e,docker-compose,dockerfile,1,,,,,,,,,,,,,,,,,,,,